Date_before,Time_before,Date_after,Time_after,Trial,Treatment,Trial_Temp,Rep_per_trial,Tank,Kelp_ID ,kelp color,Kelp_weight_before_g,length before cm,Kelp_weight_after_g,Kelp_grazed_pcntchange,Kelp_diff,Upstream/Downstream,Distance from pyc,Pyc position,Pyc_distance_moved,Pcnt_time_active,Pyc_weight,Observer,Notes
7/6/23,16:40,7/9/23,19:00,1,Control,8.1,1,1,1,Red,19.066,25,19.0845,0,-0.0185,U,4.5,5.5,0,0.00,,"NS, EB","1 red was placed in 6 red position and vice versa. I switched measurements - pay attention to photos, 1 and 6 swapped, I switched area measurements "
7/6/23,16:40,7/9/23,19:00,1,Control,8.1,1,1,2,Red,17.3,25,7.5472,56.37456647,9.7528,U,3.5,5.5,0,0.00,,"NS, EB",
7/6/23,16:40,7/9/23,19:00,1,Control,8.1,1,1,3,Red,19.742,25,14.843,24.81511498,4.899,U,2.5,5.5,0,0.00,,"NS, EB",
7/6/23,16:40,7/9/23,19:00,1,Control,8.1,1,1,4,Red,15.514,25,14.1708,8.657986335,1.3432,U,1.5,5.5,0,0.00,,"NS, EB",
7/6/23,16:40,7/9/23,19:00,1,Control,8.1,1,1,5,Red,21.686,25,25.2829,0,-3.5969,U,0.5,5.5,0,0.00,,"NS, EB",
7/6/23,16:40,7/9/23,19:00,1,Control,8.1,1,1,6,Red,27.31,25,28.1639,0,-0.8539,D,0.5,5.5,0,0.00,,"NS, EB",
7/6/23,16:40,7/9/23,19:00,1,Control,8.1,1,1,7,Red,22.114,25,20.5419,7.109071177,1.5721,D,1.5,5.5,0,0.00,,"NS, EB",
7/6/23,16:40,7/9/23,19:00,1,Control,8.1,1,1,8,Red,16.302,25,15.0743,7.530977794,1.2277,D,2.5,5.5,0,0.00,,"NS, EB",
7/6/23,16:40,7/9/23,19:00,1,Control,8.1,1,1,9,Red,19.172,25,14.3112,25.35364073,4.8608,D,3.5,5.5,0,0.00,,"NS, EB",
7/6/23,16:40,7/9/23,19:00,1,Control,8.1,1,1,10,Red,20.274,25,16.5963,18.13998224,3.6777,D,4.5,5.5,0,0.00,,"NS, EB",
7/6/23,16:40,7/9/23,19:00,1,Control,8.1,1,1,11,Red,19.209,25,14.3115,25.49586132,4.8975,D,5.5,5.5,0,0.00,,"NS, EB",
7/6/23,16:40,7/9/23,19:00,1,Control,8.1,1,1,12,Red,13.079,25,7.6018,41.87781941,5.4772,D,6.5,5.5,0,0.00,,"NS, EB",
7/6/23,16:40,7/9/23,19:00,1,Caged,8.1,1,2,1,Blue,34.219,25,32.301,5.605073205,1.918,U,4.5,5.5,0,0.00,725.748,"NS, EB",
7/6/23,16:40,7/9/23,19:00,1,Caged,8.1,1,2,2,Blue,26.971,25,27.2283,0,-0.2573,U,3.5,5.5,0,0.00,725.748,"NS, EB",
7/6/23,16:40,7/9/23,19:00,1,Caged,8.1,1,2,3,Blue,21.073,25,21.1212,0,-0.0482,U,2.5,5.5,0,0.00,725.748,"NS, EB",
7/6/23,16:40,7/9/23,19:00,1,Caged,8.1,1,2,4,Blue,22.513,25,22.5431,0,-0.0301,U,1.5,5.5,0,0.00,725.748,"NS, EB",
7/6/23,16:40,7/9/23,19:00,1,Caged,8.1,1,2,5,Blue,27.6222,25,28.24,0,-0.6178,U,0.5,5.5,0,0.00,725.748,"NS, EB",
7/6/23,16:40,7/9/23,19:00,1,Caged,8.1,1,2,6,Blue,32.562,25,32.552,0.03071064431,0.01,D,0.5,5.5,0,0.00,725.748,"NS, EB",
7/6/23,16:40,7/9/23,19:00,1,Caged,8.1,1,2,7,Blue,30.97,25,30.71,0.8395221182,0.26,D,1.5,5.5,0,0.00,725.748,"NS, EB",
7/6/23,16:40,7/9/23,19:00,1,Caged,8.1,1,2,8,Blue,25.374,25,23.0436,9.184204304,2.3304,D,2.5,5.5,0,0.00,725.748,"NS, EB",
7/6/23,16:40,7/9/23,19:00,1,Caged,8.1,1,2,9,Blue,34.137,25,33.4571,1.991680581,0.6799,D,3.5,5.5,0,0.00,725.748,"NS, EB",
7/6/23,16:40,7/9/23,19:00,1,Caged,8.1,1,2,10,Blue,30.925,25,29.8675,3.41956346,1.0575,D,4.5,5.5,0,0.00,725.748,"NS, EB",
7/6/23,16:40,7/9/23,19:00,1,Caged,8.1,1,2,11,Blue,21.253,25,20.3353,4.317978638,0.9177,D,5.5,5.5,0,0.00,725.748,"NS, EB",
7/6/23,16:40,7/9/23,19:00,1,Caged,8.1,1,2,12,Blue,22.875,25,19.5989,14.32174863,3.2761,D,6.5,5.5,0,0.00,725.748,"NS, EB",
7/6/23,16:40,7/9/23,19:00,1,Active ,8.1,2,4,1,Black,33.195,25,28.2138,15.00587438,4.9812,U,2.3,3.3,9,20.00,260.816,"NS, EB",
7/6/23,16:40,7/9/23,19:00,1,Active ,8.1,2,4,2,Black,37.304,25,36.2919,2.713113875,1.0121,U,1.3,3.3,9,20.00,260.816,"NS, EB",
7/6/23,16:40,7/9/23,19:00,1,Active ,8.1,2,4,3,Black,34.378,25,33.2793,3.195939263,1.0987,U,0.3,3.3,9,20.00,260.816,"NS, EB",
7/6/23,16:40,7/9/23,19:00,1,Active ,8.1,2,4,4,Black,27.853,25,25.5714,8.191577209,2.2816,D,0.7,3.3,9,20.00,260.816,"NS, EB",
7/6/23,16:40,7/9/23,19:00,1,Active ,8.1,2,4,5,Black,25.05,25,23.6965,5.403193613,1.3535,D,1.7,3.3,9,20.00,260.816,"NS, EB",
7/6/23,16:40,7/9/23,19:00,1,Active ,8.1,2,4,6,Black,30.79,25,28.1752,8.492367652,2.6148,D,2.7,3.3,9,20.00,260.816,"NS, EB",
7/6/23,16:40,7/9/23,19:00,1,Active ,8.1,2,4,7,Black,26.911,25,26.2274,2.540225187,0.6836,D,3.7,3.3,9,20.00,260.816,"NS, EB",
7/6/23,16:40,7/9/23,19:00,1,Active ,8.1,2,4,8,Black,34.342,25,33.7382,1.75819696,0.6038,D,4.7,3.3,9,20.00,260.816,"NS, EB",
7/6/23,16:40,7/9/23,19:00,1,Active ,8.1,2,4,9,Black,33.5798,25,31.3653,6.594738504,2.2145,D,5.7,3.3,9,20.00,260.816,"NS, EB",
7/6/23,16:40,7/9/23,19:00,1,Active ,8.1,2,4,10,Black,29.92,25,29.3143,2.024398396,0.6057,D,6.7,3.3,9,20.00,260.816,"NS, EB",
7/6/23,16:40,7/9/23,19:00,1,Active ,8.1,2,4,11,Black,33.027,25,30.1691,8.65322312,2.8579,D,7.7,3.3,9,20.00,260.816,"NS, EB",
7/6/23,16:40,7/9/23,19:00,1,Active ,8.1,2,4,12,Black,28.0742,25,27.9679,0.3786394626,0.1063,D,8.7,3.3,9,20.00,260.816,"NS, EB",
7/6/23,16:40,7/9/23,19:00,1,Active ,8.1,1,3,1,Green,30.1553,25,29.0124,3.790046857,1.1429,U,8.6,9.6,6,13.33,682.657,"NS, EB",
7/6/23,16:40,7/9/23,19:00,1,Active ,8.1,1,3,2,Green,33.317,25,30.7432,7.725185341,2.5738,U,7.6,9.6,6,13.33,682.657,"NS, EB",
7/6/23,16:40,7/9/23,19:00,1,Active ,8.1,1,3,3,Green,29.017,25,26.6639,8.109384154,2.3531,U,6.6,9.6,6,13.33,682.657,"NS, EB",
7/6/23,16:40,7/9/23,19:00,1,Active ,8.1,1,3,4,Green,27.1208,25,27.3368,0,-0.216,U,5.6,9.6,6,13.33,682.657,"NS, EB",
7/6/23,16:40,7/9/23,19:00,1,Active ,8.1,1,3,5,Green,36.3071,25,36.3132,0,-0.0061,U,4.6,9.6,6,13.33,682.657,"NS, EB",
7/6/23,16:40,7/9/23,19:00,1,Active ,8.1,1,3,6,Green,23.1472,25,23.4637,0,-0.3165,U,3.6,9.6,6,13.33,682.657,"NS, EB",
7/6/23,16:40,7/9/23,19:00,1,Active ,8.1,1,3,7,Green,27.176,25,27.5655,0,-0.3895,U,2.6,9.6,6,13.33,682.657,"NS, EB",
7/6/23,16:40,7/9/23,19:00,1,Active ,8.1,1,3,8,Green,31.241,25,30.243,3.194520022,0.998,U,1.6,9.6,6,13.33,682.657,"NS, EB",
7/6/23,16:40,7/9/23,19:00,1,Active ,8.1,1,3,9,Green,26.8362,25,23.8563,11.10403112,2.9799,U,0.6,9.6,6,13.33,682.657,"NS, EB",
7/6/23,16:40,7/9/23,19:00,1,Active ,8.1,1,3,10,Green,32.027,25,30.6542,4.286383364,1.3728,D,0.4,9.6,6,13.33,682.657,"NS, EB",
7/6/23,16:40,7/9/23,19:00,1,Active ,8.1,1,3,11,Green,21.0691,25,20.6666,1.910380605,0.4025,D,1.4,9.6,6,13.33,682.657,"NS, EB",
7/6/23,16:40,7/9/23,19:00,1,Active ,8.1,1,3,12,Green,33.502,25,31.6504,5.526834219,1.8516,D,2.4,9.6,6,13.33,682.657,"NS, EB",
7/10/23,14:00,7/13/23,17:56,2,Active ,7.1,1,1,1,Red,43.3128,25,42.7846,1.219500933,0.5282,U,10,11,12,30.77,733.67,"NS, EB",
7/10/23,14:00,7/13/23,17:56,2,Active ,7.1,1,1,2,Red,36.6561,20,37.2638,0,-0.6077,U,9,11,12,30.77,733.67,"NS, EB",
7/10/23,14:00,7/13/23,17:56,2,Active ,7.1,1,1,3,Red,34.5942,20,34.988,0,-0.3938,U,8,11,12,30.77,733.67,"NS, EB",
7/10/23,14:00,7/13/23,17:56,2,Active ,7.1,1,1,4,Red,33.0326,20,33.308,0,-0.2754,U,7,11,12,30.77,733.67,"NS, EB",
7/10/23,14:00,7/13/23,17:56,2,Active ,7.1,1,1,5,Red,33.9285,20,34.2347,0,-0.3062,U,6,11,12,30.77,733.67,"NS, EB",
7/10/23,14:00,7/13/23,17:56,2,Active ,7.1,1,1,6,Red,28.4742,20,28.6617,0,-0.1875,U,5,11,12,30.77,733.67,"NS, EB",
7/10/23,14:00,7/13/23,17:56,2,Active ,7.1,1,1,7,Red,34.1038,20,34.5041,0,-0.4003,U,4,11,12,30.77,733.67,"NS, EB",
7/10/23,14:00,7/13/23,17:56,2,Active ,7.1,1,1,8,Red,27.8811,20,28.6219,0,-0.7408,U,3,11,12,30.77,733.67,"NS, EB",
7/10/23,14:00,7/13/23,17:56,2,Active ,7.1,1,1,9,Red,29.9659,20,30.3428,0,-0.3769,U,2,11,12,30.77,733.67,"NS, EB",
7/10/23,14:00,7/13/23,17:56,2,Active ,7.1,1,1,10,Red,26.7097,20,27.6405,0,-0.9308,U,1,11,12,30.77,733.67,"NS, EB",
7/10/23,14:00,7/13/23,17:56,2,Active ,7.1,1,1,11,Red,26.5111,20,27.8485,0,-1.3374,D,0,11,12,30.77,733.67,"NS, EB",
7/10/23,14:00,7/13/23,17:56,2,Active ,7.1,1,1,12,Red,38.7446,20,38.9489,0,-0.2043,D,1,11,12,30.77,733.67,"NS, EB",
7/10/23,14:00,7/13/23,17:56,2,Active ,7.1,2,2,1,Blue,23.3486,20,23.8401,0,-0.4915,U,0.7,1.7,8,15.38,791.9,"NS, EB",
7/10/23,14:00,7/13/23,17:56,2,Active ,7.1,2,2,2,Blue,22.56128,20,22.7845,0,-0.22322,D,0.3,1.7,8,15.38,791.9,"NS, EB",
7/10/23,14:00,7/13/23,17:56,2,Active ,7.1,2,2,3,Blue,23.0296,20,23.3088,0,-0.2792,D,1.3,1.7,8,15.38,791.9,"NS, EB",
7/10/23,14:00,7/13/23,17:56,2,Active ,7.1,2,2,4,Blue,18.8294,20,19.1872,0,-0.3578,D,2.3,1.7,8,15.38,791.9,"NS, EB",
7/10/23,14:00,7/13/23,17:56,2,Active ,7.1,2,2,5,Blue,22.7935,20,22.8271,0,-0.0336,D,3.3,1.7,8,15.38,791.9,"NS, EB",
7/10/23,14:00,7/13/23,17:56,2,Active ,7.1,2,2,6,Blue,21.6486,20,21.7293,0,-0.0807,D,4.3,1.7,8,15.38,791.9,"NS, EB",
7/10/23,14:00,7/13/23,17:56,2,Active ,7.1,2,2,7,Blue,30.1706,20,30.7372,0,-0.5666,D,5.3,1.7,8,15.38,791.9,"NS, EB",
7/10/23,14:00,7/13/23,17:56,2,Active ,7.1,2,2,8,Blue,22.4001,20,22.9208,0,-0.5207,D,6.3,1.7,8,15.38,791.9,"NS, EB",
7/10/23,14:00,7/13/23,17:56,2,Active ,7.1,2,2,9,Blue,19.675,20,19.962,0,-0.287,D,7.3,1.7,8,15.38,791.9,"NS, EB",
7/10/23,14:00,7/13/23,17:56,2,Active ,7.1,2,2,10,Blue,29.1759,20,29.4392,0,-0.2633,D,8.3,1.7,8,15.38,791.9,"NS, EB",
7/10/23,14:00,7/13/23,17:56,2,Active ,7.1,2,2,11,Blue,27.396,20,27.3633,0.1193604906,0.0327,D,9.3,1.7,8,15.38,791.9,"NS, EB",
7/10/23,14:00,7/13/23,17:56,2,Active ,7.1,2,2,12,Blue,27.4912,20,27.6095,0,-0.1183,D,10.3,1.7,8,15.38,791.9,"NS, EB",
7/10/23,14:00,7/13/23,17:56,2,Caged,7.1,1,3,1,Green,21.4661,20,22.5126,0,-1.0465,U,4.5,5.5,0,0.00,628.65,"NS, EB",
7/10/23,14:00,7/13/23,17:56,2,Caged,7.1,1,3,2,Green,20.9868,20,22.0879,0,-1.1011,U,3.5,5.5,0,0.00,628.65,"NS, EB",
7/10/23,14:00,7/13/23,17:56,2,Caged,7.1,1,3,3,Green,22.1295,20,22.8391,0,-0.7096,U,2.5,5.5,0,0.00,628.65,"NS, EB",
7/10/23,14:00,7/13/23,17:56,2,Caged,7.1,1,3,4,Green,22.4934,20,23.325,0,-0.8316,U,1.5,5.5,0,0.00,628.65,"NS, EB",
7/10/23,14:00,7/13/23,17:56,2,Caged,7.1,1,3,5,Green,23.815,20,23.8522,0,-0.0372,U,0.5,5.5,0,0.00,628.65,"NS, EB",
7/10/23,14:00,7/13/23,17:56,2,Caged,7.1,1,3,6,Green,17.8429,20,18.0067,0,-0.1638,D,0.5,5.5,0,0.00,628.65,"NS, EB",
7/10/23,14:00,7/13/23,17:56,2,Caged,7.1,1,3,7,Green,34.886,20,35.2728,0,-0.3868,D,1.5,5.5,0,0.00,628.65,"NS, EB",
7/10/23,14:00,7/13/23,17:56,2,Caged,7.1,1,3,8,Green,20.2883,20,21.4976,0,-1.2093,D,2.5,5.5,0,0.00,628.65,"NS, EB",
7/10/23,14:00,7/13/23,17:56,2,Caged,7.1,1,3,9,Green,33.2806,20,33.5116,0,-0.231,D,3.5,5.5,0,0.00,628.65,"NS, EB",
7/10/23,14:00,7/13/23,17:56,2,Caged,7.1,1,3,10,Green,31.3777,20,31.5002,0,-0.1225,D,4.5,5.5,0,0.00,628.65,"NS, EB",
7/10/23,14:00,7/13/23,17:56,2,Caged,7.1,1,3,11,Green,15.5116,20,16.8192,0,-1.3076,D,5.5,5.5,0,0.00,628.65,"NS, EB",
7/10/23,14:00,7/13/23,17:56,2,Caged,7.1,1,3,12,Green,22.5924,20,24.2367,0,-1.6443,D,6.5,5.5,0,0.00,628.65,"NS, EB",
7/10/23,14:00,7/13/23,17:56,2,Control,7.1,1,4,1,Black,38.2109,20,38.3005,0,-0.0896,U,4.5,5.5,0,0.00,,"NS, EB",
7/10/23,14:00,7/13/23,17:56,2,Control,7.1,1,4,2,Black,40.7824,20,40.7486,0.08287888893,0.0338,U,3.5,5.5,0,0.00,,"NS, EB",
7/10/23,14:00,7/13/23,17:56,2,Control,7.1,1,4,3,Black,35.6849,20,35.8533,0,-0.1684,U,2.5,5.5,0,0.00,,"NS, EB",
7/10/23,14:00,7/13/23,17:56,2,Control,7.1,1,4,4,Black,37.3317,20,37.9909,0,-0.6592,U,1.5,5.5,0,0.00,,"NS, EB",
7/10/23,14:00,7/13/23,17:56,2,Control,7.1,1,4,5,Black,33.5418,20,33.9486,0,-0.4068,U,0.5,5.5,0,0.00,,"NS, EB",
7/10/23,14:00,7/13/23,17:56,2,Control,7.1,1,4,6,Black,32.281,20,31.6723,1.885629318,0.6087,D,0.5,5.5,0,0.00,,"NS, EB",
7/10/23,14:00,7/13/23,17:56,2,Control,7.1,1,4,7,Black,30.2272,20,30.648,0,-0.4208,D,1.5,5.5,0,0.00,,"NS, EB",
7/10/23,14:00,7/13/23,17:56,2,Control,7.1,1,4,8,Black,29.2557,20,29.7584,0,-0.5027,D,2.5,5.5,0,0.00,,"NS, EB",
7/10/23,14:00,7/13/23,17:56,2,Control,7.1,1,4,9,Black,27.3848,20,27.0351,1.276985773,0.3497,D,3.5,5.5,0,0.00,,"NS, EB",
7/10/23,14:00,7/13/23,17:56,2,Control,7.1,1,4,10,Black,28.4258,20,29.0119,0,-0.5861,D,4.5,5.5,0,0.00,,"NS, EB",
7/10/23,14:00,7/13/23,17:56,2,Control,7.1,1,4,11,Black,23.4686,20,23.3058,0.6936928492,0.1628,D,5.5,5.5,0,0.00,,"NS, EB",
7/10/23,14:00,7/13/23,17:56,2,Control,7.1,1,4,12,Black,17.601,20,15.6821,10.90222146,1.9189,D,6.5,5.5,0,0.00,,"NS, EB",
7/14/23,16:00,7/17/23,18:15,3,Active ,8.5,1,1,1,Red,25.0091,20,22.7972,8.844380645,2.2119,U,9.9,10.9,7,7.69,1439.6,,
7/14/23,16:00,7/17/23,18:15,3,Active ,8.5,1,1,2,Red,21.4214,20,21.9351,0,-0.5137,U,8.9,10.9,7,7.69,1439.6,,
7/14/23,16:00,7/17/23,18:15,3,Active ,8.5,1,1,3,Red,24.4553,20,24.4172,0.1557944495,0.0381,U,7.9,10.9,7,7.69,1439.6,,
7/14/23,16:00,7/17/23,18:15,3,Active ,8.5,1,1,4,Red,23.9965,20,23.5604,1.817348363,0.4361,U,6.9,10.9,7,7.69,1439.6,,
7/14/23,16:00,7/17/23,18:15,3,Active ,8.5,1,1,5,Red,24.2691,20,24.1841,0.3502396051,0.085,U,5.9,10.9,7,7.69,1439.6,,
7/14/23,16:00,7/17/23,18:15,3,Active ,8.5,1,1,6,Red,21.1747,20,21.0462,0.6068562955,0.1285,U,4.9,10.9,7,7.69,1439.6,,
7/14/23,16:00,7/17/23,18:15,3,Active ,8.5,1,1,7,Red,21.0855,20,18.6883,11.36895023,2.3972,U,3.9,10.9,7,7.69,1439.6,,
7/14/23,16:00,7/17/23,18:15,3,Active ,8.5,1,1,8,Red,20.4671,20,19.6454,4.014735844,0.8217,U,2.9,10.9,7,7.69,1439.6,,missing after photo
7/14/23,16:00,7/17/23,18:15,3,Active ,8.5,1,1,9,Red,28.5679,20,28.2645,1.062031161,0.3034,U,1.9,10.9,7,7.69,1439.6,,
7/14/23,16:00,7/17/23,18:15,3,Active ,8.5,1,1,10,Red,27.3169,20,27.4073,0,-0.0904,U,0.9,10.9,7,7.69,1439.6,,
7/14/23,16:00,7/17/23,18:15,3,Active ,8.5,1,1,11,Red,25.0397,20,25.3876,0,-0.3479,D,0.1,10.9,7,7.69,1439.6,,
7/14/23,16:00,7/17/23,18:15,3,Active ,8.5,1,1,12,Red,25.8127,20,20.7536,19.59926703,5.0591,D,1.1,10.9,7,7.69,1439.6,,
7/14/23,16:00,7/17/23,18:15,3,Control,8.5,1,2,1,Blue,30.2381,20,29.5711,2.205826424,0.667,U,4.5,5.5,0,0.00,,,
7/14/23,16:00,7/17/23,18:15,3,Control,8.5,1,2,2,Blue,28.1652,20,25.4126,9.773053271,2.7526,U,3.5,5.5,0,0.00,,,
7/14/23,16:00,7/17/23,18:15,3,Control,8.5,1,2,3,Blue,21.4774,20,13.9973,34.82777245,7.4801,U,2.5,5.5,0,0.00,,,
7/14/23,16:00,7/17/23,18:15,3,Control,8.5,1,2,4,Blue,19.0037,20,19.0306,0,-0.0269,U,1.5,5.5,0,0.00,,,
7/14/23,16:00,7/17/23,18:15,3,Control,8.5,1,2,5,Blue,19.877,20,16.1785,18.60693264,3.6985,U,0.5,5.5,0,0.00,,,
7/14/23,16:00,7/17/23,18:15,3,Control,8.5,1,2,6,Blue,17.1113,20,16.4954,3.599375851,0.6159,D,0.5,5.5,0,0.00,,,
7/14/23,16:00,7/17/23,18:15,3,Control,8.5,1,2,7,Blue,29.8349,20,28.7869,3.512664698,1.048,D,1.5,5.5,0,0.00,,,
7/14/23,16:00,7/17/23,18:15,3,Control,8.5,1,2,8,Blue,27.4189,20,27.2007,0.7958014362,0.2182,D,2.5,5.5,0,0.00,,,
7/14/23,16:00,7/17/23,18:15,3,Control,8.5,1,2,9,Blue,28.5506,20,28.6481,0,-0.0975,D,3.5,5.5,0,0.00,,,
7/14/23,16:00,7/17/23,18:15,3,Control,8.5,1,2,10,Blue,26.23,20,21.9254,16.41097979,4.3046,D,4.5,5.5,0,0.00,,,
7/14/23,16:00,7/17/23,18:15,3,Control,8.5,1,2,11,Blue,31.2147,20,31.3846,0,-0.1699,D,5.5,5.5,0,0.00,,,
7/14/23,16:00,7/17/23,18:15,3,Control,8.5,1,2,12,Blue,27.3602,20,22.5899,17.43517957,4.7703,D,6.5,5.5,0,0.00,,,
7/14/23,16:00,7/17/23,18:15,3,Active ,8.5,2,3,1,Green,37.8773,20,34.6575,8.500605904,3.2198,U,10.5,11.5,6,7.69,1355.57,,
7/14/23,16:00,7/17/23,18:15,3,Active ,8.5,2,3,2,Green,38.2048,20,38.2191,0,-0.0143,U,9.5,11.5,6,7.69,1355.57,,
7/14/23,16:00,7/17/23,18:15,3,Active ,8.5,2,3,3,Green,31.1125,20,30.7217,1.256086782,0.3908,U,8.5,11.5,6,7.69,1355.57,,
7/14/23,16:00,7/17/23,18:15,3,Active ,8.5,2,3,4,Green,30.6621,20,30.5226,0.4549590537,0.1395,U,7.5,11.5,6,7.69,1355.57,,
7/14/23,16:00,7/17/23,18:15,3,Active ,8.5,2,3,5,Green,32.2208,20,31.5667,2.03005512,0.6541,U,6.5,11.5,6,7.69,1355.57,,
7/14/23,16:00,7/17/23,18:15,3,Active ,8.5,2,3,6,Green,34.8155,20,34.8077,0.02240381439,0.0078,U,5.5,11.5,6,7.69,1355.57,,
7/14/23,16:00,7/17/23,18:15,3,Active ,8.5,2,3,7,Green,28.6735,20,28.0075,2.322702147,0.666,U,4.5,11.5,6,7.69,1355.57,,
7/14/23,16:00,7/17/23,18:15,3,Active ,8.5,2,3,8,Green,28.3357,20,27.5072,2.923873418,0.8285,U,3.5,11.5,6,7.69,1355.57,,
7/14/23,16:00,7/17/23,18:15,3,Active ,8.5,2,3,9,Green,31.3798,20,24.1715,22.97114704,7.2083,U,2.5,11.5,6,7.69,1355.57,,
7/14/23,16:00,7/17/23,18:15,3,Active ,8.5,2,3,10,Green,20.4313,20,19.8302,2.942054593,0.6011,U,1.5,11.5,6,7.69,1355.57,,
7/14/23,16:00,7/17/23,18:15,3,Active ,8.5,2,3,11,Green,18.7075,20,17.1827,8.150741681,1.5248,U,0.5,11.5,6,7.69,1355.57,,
7/14/23,16:00,7/17/23,18:15,3,Active ,8.5,2,3,12,Green,18.8145,20,14.3372,23.79707141,4.4773,D,0.5,11.5,6,7.69,1355.57,,
7/14/23,16:00,7/17/23,18:15,3,Caged,8.5,1,4,1,Black,17.4926,20,17.8985,0,-0.4059,U,4.5,5.5,0,0.00,1180.26,,
7/14/23,16:00,7/17/23,18:15,3,Caged,8.5,1,4,2,Black,18.5584,20,16.7595,9.693184757,1.7989,U,3.5,5.5,0,0.00,1180.26,,
7/14/23,16:00,7/17/23,18:15,3,Caged,8.5,1,4,3,Black,17.1731,20,17.5392,0,-0.3661,U,2.5,5.5,0,0.00,1180.26,,
7/14/23,16:00,7/17/23,18:15,3,Caged,8.5,1,4,4,Black,16.1673,20,16.5121,0,-0.3448,U,1.5,5.5,0,0.00,1180.26,,
7/14/23,16:00,7/17/23,18:15,3,Caged,8.5,1,4,5,Black,18.4747,20,9.5887,48.09820998,8.886,U,0.5,5.5,0,0.00,1180.26,,
7/14/23,16:00,7/17/23,18:15,3,Caged,8.5,1,4,6,Black,19.8698,20,13.5386,31.86343094,6.3312,D,0.5,5.5,0,0.00,1180.26,,
7/14/23,16:00,7/17/23,18:15,3,Caged,8.5,1,4,7,Black,18.6321,20,17.6649,5.191041267,0.9672,D,1.5,5.5,0,0.00,1180.26,,
7/14/23,16:00,7/17/23,18:15,3,Caged,8.5,1,4,8,Black,14.2422,20,14.2809,0,-0.0387,D,2.5,5.5,0,0.00,1180.26,,
7/14/23,16:00,7/17/23,18:15,3,Caged,8.5,1,4,9,Black,15.4354,20,14.7982,4.128172901,0.6372,D,3.5,5.5,0,0.00,1180.26,,
7/14/23,16:00,7/17/23,18:15,3,Caged,8.5,1,4,10,Black,26.6086,20,26.6503,0,-0.0417,D,4.5,5.5,0,0.00,1180.26,,
7/14/23,16:00,7/17/23,18:15,3,Caged,8.5,1,4,11,Black,14.5379,20,12.5853,13.43110078,1.9526,D,5.5,5.5,0,0.00,1180.26,,
7/14/23,16:00,7/17/23,18:15,3,Caged,8.5,1,4,12,Black,16.7855,20,5.279,68.55023681,11.5065,D,6.5,5.5,0,0.00,1180.26,,
7/18/23,16:00,7/21/23,18:00,4,Caged,11.2,1,1,1,Red,26.0229,20,26.5669,0,-0.544,U,4.5,5.5,0,0.00,420,,
7/18/23,16:00,7/21/23,18:00,4,Caged,11.2,1,1,2,Red,24.2942,20,20.5064,15.59137572,3.7878,U,3.5,5.5,0,0.00,420,,"Red drift weight 1.7062, red pneumatocyst 2.2774"
7/18/23,16:00,7/21/23,18:00,4,Caged,11.2,1,1,3,Red,25.4819,20,18.9093,25.79321008,6.5726,U,2.5,5.5,0,0.00,420,,
7/18/23,16:00,7/21/23,18:00,4,Caged,11.2,1,1,4,Red,23.8624,20,13.5554,43.19347593,10.307,U,1.5,5.5,0,0.00,420,,
7/18/23,16:00,7/21/23,18:00,4,Caged,11.2,1,1,5,Red,25.2988,20,22.1263,12.54012048,3.1725,U,0.5,5.5,0,0.00,420,,
7/18/23,16:00,7/21/23,18:00,4,Caged,11.2,1,1,6,Red,21.7945,20,17.5442,19.50170915,4.2503,D,0.5,5.5,0,0.00,420,,"found in cline 4, detached from chain"
7/18/23,16:00,7/21/23,18:00,4,Caged,11.2,1,1,7,Red,25.106,20,16.6138,33.82538039,8.4922,D,1.5,5.5,0,0.00,420,,found in cline 6
7/18/23,16:00,7/21/23,18:00,4,Caged,11.2,1,1,8,Red,22.975,20,23.1986,0,-0.2236,D,2.5,5.5,0,0.00,420,,
7/18/23,16:00,7/21/23,18:00,4,Caged,11.2,1,1,9,Red,23.3224,20,21.4251,8.135097589,1.8973,D,3.5,5.5,0,0.00,420,,found in cline 8
7/18/23,16:00,7/21/23,18:00,4,Caged,11.2,1,1,10,Red,19.8743,20,0,100,19.8743,D,4.5,5.5,0,0.00,420,,no after kelp (empty chain)
7/18/23,16:00,7/21/23,18:00,4,Caged,11.2,1,1,11,Red,22.6889,20,14.0498,38.07632807,8.6391,D,5.5,5.5,0,0.00,420,,missing before picture
7/18/23,16:00,7/21/23,18:00,4,Caged,11.2,1,1,12,Red,22.0294,20,13.866,37.05684222,8.1634,D,6.5,5.5,0,0.00,420,,Drift found here - maybe from 10?
7/18/23,16:00,7/21/23,18:00,4,Control,11.2,1,2,1,Blue,23.0799,20,16.0144,30.61321756,7.0655,U,4.5,5.5,0,0.00,,,in cline 2
7/18/23,16:00,7/21/23,18:00,4,Control,11.2,1,2,2,Blue,28.0026,20,20.1453,28.05918022,7.8573,U,3.5,5.5,0,0.00,,,in cline 3
7/18/23,16:00,7/21/23,18:00,4,Control,11.2,1,2,3,Blue,25.4306,20,15.6762,38.35694006,9.7544,U,2.5,5.5,0,0.00,,,"DRIFT 1.0688  (blue, not sure where from)"
7/18/23,16:00,7/21/23,18:00,4,Control,11.2,1,2,4,Blue,26.8023,20,19.4985,27.2506464,7.3038,U,1.5,5.5,0,0.00,,,
7/18/23,16:00,7/21/23,18:00,4,Control,11.2,1,2,5,Blue,28.6867,20,24.5844,14.30035522,4.1023,U,0.5,5.5,0,0.00,,,
7/18/23,16:00,7/21/23,18:00,4,Control,11.2,1,2,6,Blue,28.4647,20,27.0285,5.045547643,1.4362,D,0.5,5.5,0,0.00,,,
7/18/23,16:00,7/21/23,18:00,4,Control,11.2,1,2,7,Blue,27.7842,20,24.1623,13.03582612,3.6219,D,1.5,5.5,0,0.00,,,in cline 6
7/18/23,16:00,7/21/23,18:00,4,Control,11.2,1,2,8,Blue,27.8632,20,26.9549,3.259855293,0.9083,D,2.5,5.5,0,0.00,,,
7/18/23,16:00,7/21/23,18:00,4,Control,11.2,1,2,9,Blue,28.2092,20,15.0761,46.55608808,13.1331,D,3.5,5.5,0,0.00,,,in cline 8
7/18/23,16:00,7/21/23,18:00,4,Control,11.2,1,2,10,Blue,25.1843,20,23.4741,6.790738674,1.7102,D,4.5,5.5,0,0.00,,,
7/18/23,16:00,7/21/23,18:00,4,Control,11.2,1,2,11,Blue,26.5217,20,23.8005,10.26027743,2.7212,D,5.5,5.5,0,0.00,,,
7/18/23,16:00,7/21/23,18:00,4,Control,11.2,1,2,12,Blue,28.0604,20,17.618,37.21400978,10.4424,D,6.5,5.5,0,0.00,,,
7/18/23,16:00,7/21/23,18:00,4,Active ,11.2,1,3,1,Green,33.1517,20,31.7275,4.296008953,1.4242,U,10.3,11.3,11,23.08,1376.24,,
7/18/23,16:00,7/21/23,18:00,4,Active ,11.2,1,3,2,Green,33.2245,20,33.3732,0,-0.1487,U,9.3,11.3,11,23.08,1376.24,,
7/18/23,16:00,7/21/23,18:00,4,Active ,11.2,1,3,3,Green,35.3252,20,36.0712,0,-0.746,U,8.3,11.3,11,23.08,1376.24,,
7/18/23,16:00,7/21/23,18:00,4,Active ,11.2,1,3,4,Green,32.9894,20,27.4117,16.90755212,5.5777,U,7.3,11.3,11,23.08,1376.24,,
7/18/23,16:00,7/21/23,18:00,4,Active ,11.2,1,3,5,Green,31.6559,20,29.218,7.701250004,2.4379,U,6.3,11.3,11,23.08,1376.24,,in cline 4
7/18/23,16:00,7/21/23,18:00,4,Active ,11.2,1,3,6,Green,34.4275,20,30.2569,12.11415293,4.1706,U,5.3,11.3,11,23.08,1376.24,,
7/18/23,16:00,7/21/23,18:00,4,Active ,11.2,1,3,7,Green,30.7631,20,26.8011,12.87906615,3.962,U,4.3,11.3,11,23.08,1376.24,,
7/18/23,16:00,7/21/23,18:00,4,Active ,11.2,1,3,8,Green,31.928,20,30.6132,4.118015535,1.3148,U,3.3,11.3,11,23.08,1376.24,,
7/18/23,16:00,7/21/23,18:00,4,Active ,11.2,1,3,9,Green,23.8769,20,22.6492,5.141789763,1.2277,U,2.3,11.3,11,23.08,1376.24,,
7/18/23,16:00,7/21/23,18:00,4,Active ,11.2,1,3,10,Green,25.0849,20,8.1148,67.65065836,16.9701,U,1.3,11.3,11,23.08,1376.24,,at cline 11
7/18/23,16:00,7/21/23,18:00,4,Active ,11.2,1,3,11,Green,28.3561,20,28.3981,0,-0.042,U,0.3,11.3,11,23.08,1376.24,,
7/18/23,16:00,7/21/23,18:00,4,Active ,11.2,1,3,12,Green,29.7173,20,25.8124,13.14015742,3.9049,D,0.7,11.3,11,23.08,1376.24,,
7/18/23,16:00,7/21/23,18:00,4,Active ,11.2,2,4,1,Black,16.4688,20,17.9906,0,-1.5218,U,7.1,8.1,24,76.92,551.01,,
7/18/23,16:00,7/21/23,18:00,4,Active ,11.2,2,4,2,Black,21.4065,20,22.3917,0,-0.9852,U,6.1,8.1,24,76.92,551.01,,At cline 3
7/18/23,16:00,7/21/23,18:00,4,Active ,11.2,2,4,3,Black,23.8953,20,18.1128,24.19931953,5.7825,U,5.1,8.1,24,76.92,551.01,,At cline 4
7/18/23,16:00,7/21/23,18:00,4,Active ,11.2,2,4,4,Black,19.9045,20,16.3917,17.64827049,3.5128,U,4.1,8.1,24,76.92,551.01,,
7/18/23,16:00,7/21/23,18:00,4,Active ,11.2,2,4,5,Black,25.1658,20,20.1737,19.83684206,4.9921,U,3.1,8.1,24,76.92,551.01,,
7/18/23,16:00,7/21/23,18:00,4,Active ,11.2,2,4,6,Black,23.2461,20,23.1504,0.4116819596,0.0957,U,2.1,8.1,24,76.92,551.01,,
7/18/23,16:00,7/21/23,18:00,4,Active ,11.2,2,4,7,Black,26.0322,20,26.5341,0,-0.5019,U,1.1,8.1,24,76.92,551.01,,
7/18/23,16:00,7/21/23,18:00,4,Active ,11.2,2,4,8,Black,24.1691,20,23.8736,1.222635514,0.2955,U,0.1,8.1,24,76.92,551.01,,
7/18/23,16:00,7/21/23,18:00,4,Active ,11.2,2,4,9,Black,25.0486,20,23.7009,5.380340618,1.3477,D,0.9,8.1,24,76.92,551.01,,
7/18/23,16:00,7/21/23,18:00,4,Active ,11.2,2,4,10,Black,28.1393,20,27.945,0.6904933669,0.1943,D,1.9,8.1,24,76.92,551.01,,
7/18/23,16:00,7/21/23,18:00,4,Active ,11.2,2,4,11,Black,31.4976,20,26.4016,16.17901046,5.096,D,2.9,8.1,24,76.92,551.01,,
7/18/23,16:00,7/21/23,18:00,4,Active ,11.2,2,4,12,Black,30.8838,20,20.1023,34.90988803,10.7815,D,3.9,8.1,24,76.92,551.01,,
7/22/23,12:00,7/25/23,18:00,5,Active ,12.5,1,1,1,Red,26.0121,20,16.7823,35.48271766,9.2298,U,6.8,7.8,31,46.15,400.57,,
7/22/23,12:00,7/25/23,18:00,5,Active ,12.5,1,1,2,Red,28.2287,20,18.1222,35.80221548,10.1065,U,5.8,7.8,31,46.15,400.57,,
7/22/23,12:00,7/25/23,18:00,5,Active ,12.5,1,1,3,Red,28.7822,20,19.8767,30.94099826,8.9055,U,4.8,7.8,31,46.15,400.57,,
7/22/23,12:00,7/25/23,18:00,5,Active ,12.5,1,1,4,Red,26.6704,20,25.6941,3.660612514,0.9763,U,3.8,7.8,31,46.15,400.57,,
7/22/23,12:00,7/25/23,18:00,5,Active ,12.5,1,1,5,Red,26.7093,20,24.2411,9.24097599,2.4682,U,2.8,7.8,31,46.15,400.57,,
7/22/23,12:00,7/25/23,18:00,5,Active ,12.5,1,1,6,Red,17.6178,20,10.7273,39.11101273,6.8905,U,1.8,7.8,31,46.15,400.57,,
7/22/23,12:00,7/25/23,18:00,5,Active ,12.5,1,1,7,Red,17.4689,20,13.1575,24.68043208,4.3114,U,0.8,7.8,31,46.15,400.57,,
7/22/23,12:00,7/25/23,18:00,5,Active ,12.5,1,1,8,Red,22.6169,20,19.6247,13.22992983,2.9922,D,0.2,7.8,31,46.15,400.57,,
7/22/23,12:00,7/25/23,18:00,5,Active ,12.5,1,1,9,Red,17.7394,20,14.4958,18.28472214,3.2436,D,1.2,7.8,31,46.15,400.57,,
7/22/23,12:00,7/25/23,18:00,5,Active ,12.5,1,1,10,Red,18.5813,20,6.6904,63.99390785,11.8909,D,2.2,7.8,31,46.15,400.57,,
7/22/23,12:00,7/25/23,18:00,5,Active ,12.5,1,1,11,Red,16.5387,20,15.2489,7.798678252,1.2898,D,3.2,7.8,31,46.15,400.57,,
7/22/23,12:00,7/25/23,18:00,5,Active ,12.5,1,1,12,Red,19.9204,20,18.2296,8.48778137,1.6908,D,4.2,7.8,31,46.15,400.57,,
7/22/23,12:00,7/25/23,18:00,5,Active ,12.5,2,2,1,Blue,24.1472,20,2.0429,91.53980586,22.1043,U,2,3,18,15.38,490.39,,
7/22/23,12:00,7/25/23,18:00,5,Active ,12.5,2,2,2,Blue,18.579,20,11.8657,36.13380699,6.7133,U,1,3,18,15.38,490.39,,
7/22/23,12:00,7/25/23,18:00,5,Active ,12.5,2,2,3,Blue,15.6407,20,6.1884,60.43399592,9.4523,D,0,3,18,15.38,490.39,,
7/22/23,12:00,7/25/23,18:00,5,Active ,12.5,2,2,4,Blue,16.5365,20,12.3355,25.40440843,4.201,D,1,3,18,15.38,490.39,,
7/22/23,12:00,7/25/23,18:00,5,Active ,12.5,2,2,5,Blue,28.4005,20,23.7132,16.5042869,4.6873,D,2,3,18,15.38,490.39,,
7/22/23,12:00,7/25/23,18:00,5,Active ,12.5,2,2,6,Blue,26.4874,20,11.3828,57.02560463,15.1046,D,3,3,18,15.38,490.39,,
7/22/23,12:00,7/25/23,18:00,5,Active ,12.5,2,2,7,Blue,19.2925,20,10.4573,45.79603473,8.8352,D,4,3,18,15.38,490.39,,
7/22/23,12:00,7/25/23,18:00,5,Active ,12.5,2,2,8,Blue,24.0792,20,23.5837,2.057792618,0.4955,D,5,3,18,15.38,490.39,,
7/22/23,12:00,7/25/23,18:00,5,Active ,12.5,2,2,9,Blue,24.4088,20,20.9892,14.00970142,3.4196,D,6,3,18,15.38,490.39,,
7/22/23,12:00,7/25/23,18:00,5,Active ,12.5,2,2,10,Blue,22.3603,20,19.8492,11.23017133,2.5111,D,7,3,18,15.38,490.39,,
7/22/23,12:00,7/25/23,18:00,5,Active ,12.5,2,2,11,Blue,20.3751,20,19.0396,6.554569057,1.3355,D,8,3,18,15.38,490.39,,
7/22/23,12:00,7/25/23,18:00,5,Active ,12.5,2,2,12,Blue,21.3613,20,15.9618,25.27701966,5.3995,D,9,3,18,15.38,490.39,,
7/22/23,12:00,7/25/23,18:00,5,Caged,12.5,1,3,1,Green,22.8467,20,11.2972,50.55215852,11.5495,U,4.5,5.5,0,0.00,410.67,,
7/22/23,12:00,7/25/23,18:00,5,Caged,12.5,1,3,2,Green,22.6179,20,10.6505,52.91118981,11.9674,U,3.5,5.5,0,0.00,410.67,,
7/22/23,12:00,7/25/23,18:00,5,Caged,12.5,1,3,3,Green,21.2882,20,18.7707,11.82580021,2.5175,U,2.5,5.5,0,0.00,410.67,,
7/22/23,12:00,7/25/23,18:00,5,Caged,12.5,1,3,4,Green,17.9022,20,2.1547,87.96404911,15.7475,U,1.5,5.5,0,0.00,410.67,,
7/22/23,12:00,7/25/23,18:00,5,Caged,12.5,1,3,5,Green,26.9799,20,15.3839,42.98014448,11.596,U,0.5,5.5,0,0.00,410.67,,
7/22/23,12:00,7/25/23,18:00,5,Caged,12.5,1,3,6,Green,28.8022,20,19.2855,33.04157321,9.5167,D,0.5,5.5,0,0.00,410.67,,
7/22/23,12:00,7/25/23,18:00,5,Caged,12.5,1,3,7,Green,25.5345,20,20.4894,19.75797451,5.0451,D,1.5,5.5,0,0.00,410.67,,
7/22/23,12:00,7/25/23,18:00,5,Caged,12.5,1,3,8,Green,28.1168,20,21.1824,24.66283503,6.9344,D,2.5,5.5,0,0.00,410.67,,
7/22/23,12:00,7/25/23,18:00,5,Caged,12.5,1,3,9,Green,25.0976,20,23.489,6.409377789,1.6086,D,3.5,5.5,0,0.00,410.67,,
7/22/23,12:00,7/25/23,18:00,5,Caged,12.5,1,3,10,Green,24.6948,20,21.0075,14.93148355,3.6873,D,4.5,5.5,0,0.00,410.67,,
7/22/23,12:00,7/25/23,18:00,5,Caged,12.5,1,3,11,Green,11.6672,20,2.6188,77.55416895,9.0484,D,5.5,5.5,0,0.00,410.67,,
7/22/23,12:00,7/25/23,18:00,5,Caged,12.5,1,3,12,Green,22.75,20,18.4612,18.85186813,4.2888,D,6.5,5.5,0,0.00,410.67,,
7/22/23,12:00,7/25/23,18:00,5,Control,12.5,1,4,1,Black,28.3041,20,21.041,25.66094665,7.2631,U,4.5,5.5,0,0.00,,,
7/22/23,12:00,7/25/23,18:00,5,Control,12.5,1,4,2,Black,28.1357,20,13.7233,51.22460077,14.4124,U,3.5,5.5,0,0.00,,,
7/22/23,12:00,7/25/23,18:00,5,Control,12.5,1,4,3,Black,19.0211,20,12.2819,35.4301276,6.7392,U,2.5,5.5,0,0.00,,,
7/22/23,12:00,7/25/23,18:00,5,Control,12.5,1,4,4,Black,17.3384,20,13.5019,22.1271859,3.8365,U,1.5,5.5,0,0.00,,,
7/22/23,12:00,7/25/23,18:00,5,Control,12.5,1,4,5,Black,27.7443,20,21.6633,21.91801559,6.081,U,0.5,5.5,0,0.00,,,
7/22/23,12:00,7/25/23,18:00,5,Control,12.5,1,4,6,Black,27.2529,20,25.451,6.611773426,1.8019,D,0.5,5.5,0,0.00,,,
7/22/23,12:00,7/25/23,18:00,5,Control,12.5,1,4,7,Black,25.4219,20,14.3552,43.53215141,11.0667,D,1.5,5.5,0,0.00,,,
7/22/23,12:00,7/25/23,18:00,5,Control,12.5,1,4,8,Black,17.4323,20,9.9151,43.12225008,7.5172,D,2.5,5.5,0,0.00,,,
7/22/23,12:00,7/25/23,18:00,5,Control,12.5,1,4,9,Black,16.9626,20,9.2323,45.57261269,7.7303,D,3.5,5.5,0,0.00,,,
7/22/23,12:00,7/25/23,18:00,5,Control,12.5,1,4,10,Black,30.536,20,24.4659,19.87850406,6.0701,D,4.5,5.5,0,0.00,,,
7/22/23,12:00,7/25/23,18:00,5,Control,12.5,1,4,11,Black,16.4775,20,10.2698,37.6737976,6.2077,D,5.5,5.5,0,0.00,,,
7/22/23,12:00,7/25/23,18:00,5,Control,12.5,1,4,12,Black,15.1694,20,12.6945,16.31508168,2.4749,D,6.5,5.5,0,0.00,,,
7/26/23,15:00,7/29/23,17:21,6,Active,12.6,1,1,1,Red,36.57,20,32.4729,11.20344545,4.0971,U,0.5,1.5,7,15.38,292.6,,
7/26/23,15:00,7/29/23,17:21,6,Active,12.6,1,1,2,Red,26.7636,20,17.7951,33.51006591,8.9685,D,0.5,1.5,7,15.38,292.6,,
7/26/23,15:00,7/29/23,17:21,6,Active,12.6,1,1,3,Red,34.0068,20,30.9715,8.925567828,3.0353,D,1.5,1.5,7,15.38,292.6,,
7/26/23,15:00,7/29/23,17:21,6,Active,12.6,1,1,4,Red,34.3936,20,34.2773,0.3381443059,0.1163,D,2.5,1.5,7,15.38,292.6,,
7/26/23,15:00,7/29/23,17:21,6,Active,12.6,1,1,5,Red,31.9556,20,31.11,2.646171563,0.8456,D,3.5,1.5,7,15.38,292.6,,
7/26/23,15:00,7/29/23,17:21,6,Active,12.6,1,1,6,Red,32.4835,20,27.3237,15.88437207,5.1598,D,4.5,1.5,7,15.38,292.6,,
7/26/23,15:00,7/29/23,17:21,6,Active,12.6,1,1,7,Red,33.1642,20,33.3104,0,-0.1462,D,5.5,1.5,7,15.38,292.6,,
7/26/23,15:00,7/29/23,17:21,6,Active,12.6,1,1,8,Red,31.8796,20,28.7152,9.92609694,3.1644,D,6.5,1.5,7,15.38,292.6,,
7/26/23,15:00,7/29/23,17:21,6,Active,12.6,1,1,9,Red,30.4439,20,22.6894,25.47144091,7.7545,D,7.5,1.5,7,15.38,292.6,,
7/26/23,15:00,7/29/23,17:21,6,Active,12.6,1,1,10,Red,29.6836,20,27.0838,8.758371626,2.5998,D,8.5,1.5,7,15.38,292.6,,
7/26/23,15:00,7/29/23,17:21,6,Active,12.6,1,1,11,Red,28.5825,20,20.567,28.04338319,8.0155,D,9.5,1.5,7,15.38,292.6,,
7/26/23,15:00,7/29/23,17:21,6,Active,12.6,1,1,12,Red,30.7017,20,18.1255,40.96255256,12.5762,D,10.5,1.5,7,15.38,292.6,,
7/26/23,15:00,7/29/23,17:21,6,Caged,12.6,1,2,1,Blue,24.8434,20,19.5152,21.44714492,5.3282,U,4.5,5.5,0,0.00,342.44,,
7/26/23,15:00,7/29/23,17:21,6,Caged,12.6,1,2,2,Blue,23.1486,20,17.8812,22.75472383,5.2674,U,3.5,5.5,0,0.00,342.44,,
7/26/23,15:00,7/29/23,17:21,6,Caged,12.6,1,2,3,Blue,37.8875,20,37.463,1.120422303,0.4245,U,2.5,5.5,0,0.00,342.44,,
7/26/23,15:00,7/29/23,17:21,6,Caged,12.6,1,2,4,Blue,22.5815,20,19.2492,14.75676992,3.3323,U,1.5,5.5,0,0.00,342.44,,
7/26/23,15:00,7/29/23,17:21,6,Caged,12.6,1,2,5,Blue,29.2549,20,26.5047,9.400818324,2.7502,U,0.5,5.5,0,0.00,342.44,,
7/26/23,15:00,7/29/23,17:21,6,Caged,12.6,1,2,6,Blue,32.8265,20,32.1844,1.956041613,0.6421,D,0.5,5.5,0,0.00,342.44,,
7/26/23,15:00,7/29/23,17:21,6,Caged,12.6,1,2,7,Blue,41.2284,20,37.1938,9.785972776,4.0346,D,1.5,5.5,0,0.00,342.44,,
7/26/23,15:00,7/29/23,17:21,6,Caged,12.6,1,2,8,Blue,23.9305,20,24.2111,0,-0.2806,D,2.5,5.5,0,0.00,342.44,,
7/26/23,15:00,7/29/23,17:21,6,Caged,12.6,1,2,9,Blue,27.8862,20,26.6676,4.369903393,1.2186,D,3.5,5.5,0,0.00,342.44,,
7/26/23,15:00,7/29/23,17:21,6,Caged,12.6,1,2,10,Blue,35.5142,20,33.8076,4.805401783,1.7066,D,4.5,5.5,0,0.00,342.44,,
7/26/23,15:00,7/29/23,17:21,6,Caged,12.6,1,2,11,Blue,32.016,20,22.0515,31.12350075,9.9645,D,5.5,5.5,0,0.00,342.44,,
7/26/23,15:00,7/29/23,17:21,6,Caged,12.6,1,2,12,Blue,30.2858,20,23.8533,21.23932668,6.4325,D,6.5,5.5,0,0.00,342.44,,
7/26/23,15:00,7/29/23,17:21,6,Control,12.6,1,3,1,Green,23.8606,20,21.1643,11.30021877,2.6963,U,4.5,5.5,0,0.00,,,
7/26/23,15:00,7/29/23,17:21,6,Control,12.6,1,3,2,Green,27.4095,20,12.9858,52.62299568,14.4237,U,3.5,5.5,0,0.00,,,
7/26/23,15:00,7/29/23,17:21,6,Control,12.6,1,3,3,Green,28.591,20,24.8416,13.11391697,3.7494,U,2.5,5.5,0,0.00,,,
7/26/23,15:00,7/29/23,17:21,6,Control,12.6,1,3,4,Green,24.2482,20,18.7775,22.56126228,5.4707,U,1.5,5.5,0,0.00,,,
7/26/23,15:00,7/29/23,17:21,6,Control,12.6,1,3,5,Green,25.7626,20,21.2577,17.48620093,4.5049,U,0.5,5.5,0,0.00,,,
7/26/23,15:00,7/29/23,17:21,6,Control,12.6,1,3,6,Green,26.6904,20,25.1579,5.741764829,1.5325,D,0.5,5.5,0,0.00,,,
7/26/23,15:00,7/29/23,17:21,6,Control,12.6,1,3,7,Green,25.7385,20,22.7827,11.48396371,2.9558,D,1.5,5.5,0,0.00,,,
7/26/23,15:00,7/29/23,17:21,6,Control,12.6,1,3,8,Green,24.3719,20,24.1963,0.7205018895,0.1756,D,2.5,5.5,0,0.00,,,DRIFT: 0.9031
7/26/23,15:00,7/29/23,17:21,6,Control,12.6,1,3,9,Green,30.2059,20,22.4259,25.75655749,7.78,D,3.5,5.5,0,0.00,,,
7/26/23,15:00,7/29/23,17:21,6,Control,12.6,1,3,10,Green,25.0418,20,25.0984,0,-0.0566,D,4.5,5.5,0,0.00,,,
7/26/23,15:00,7/29/23,17:21,6,Control,12.6,1,3,11,Green,29.8675,20,29.8843,0,-0.0168,D,5.5,5.5,0,0.00,,,
7/26/23,15:00,7/29/23,17:21,6,Control,12.6,1,3,12,Green,22.97,20,10.0395,56.29299086,12.9305,D,6.5,5.5,0,0.00,,,
7/26/23,15:00,8/2/23,16:00,6,Caged,12.6,2,4,1,Black,41.5054,20,36.18,12.83061963,5.3254,U,4.5,5.5,0,0.00,316.86,,
7/26/23,15:00,7/29/23,16:00,6,Caged,12.6,2,4,2,Black,36.9898,20,33.2691,10.05871889,3.7207,U,3.5,5.5,0,0.00,316.86,,
7/26/23,15:00,7/29/23,16:00,6,Caged,12.6,2,4,3,Black,22.5358,20,18.4559,18.10408328,4.0799,U,2.5,5.5,0,0.00,316.86,,
7/26/23,15:00,7/29/23,16:00,6,Caged,12.6,2,4,4,Black,43.1959,20,38.9373,9.858806044,4.2586,U,1.5,5.5,0,0.00,316.86,,
7/26/23,15:00,7/29/23,16:00,6,Caged,12.6,2,4,5,Black,23.0423,20,21.348,7.352998616,1.6943,U,0.5,5.5,0,0.00,316.86,,
7/26/23,15:00,7/29/23,16:00,6,Caged,12.6,2,4,6,Black,39.814,20,34.8697,12.41849601,4.9443,D,0.5,5.5,0,0.00,316.86,,
7/26/23,15:00,7/29/23,16:00,6,Caged,12.6,2,4,7,Black,37.348,20,27.9856,25.068009,9.3624,D,1.5,5.5,0,0.00,316.86,,
7/26/23,15:00,7/29/23,16:00,6,Caged,12.6,2,4,8,Black,23.0654,20,19.2054,16.73502302,3.86,D,2.5,5.5,0,0.00,316.86,,
7/26/23,15:00,7/29/23,16:00,6,Caged,12.6,2,4,9,Black,21.5648,20,20.6241,4.362201365,0.9407,D,3.5,5.5,0,0.00,316.86,,
7/26/23,15:00,7/29/23,16:00,6,Caged,12.6,2,4,10,Black,22.9612,20,21.3141,7.173405571,1.6471,D,4.5,5.5,0,0.00,316.86,,
7/26/23,15:00,7/29/23,16:00,6,Caged,12.6,2,4,11,Black,19.3353,20,8.0188,58.52766701,11.3165,D,5.5,5.5,0,0.00,316.86,,
7/26/23,15:00,7/29/23,16:00,6,Caged,12.6,2,4,12,Black,17.6868,20,13.7585,22.21034896,3.9283,D,6.5,5.5,0,0.00,316.86,,
7/30/23,17:21,8/2/23,17:21,7,Caged,12.1,1,1,1,Red,32.6686,20,25.1204,23.10536723,7.5482,U,4.5,5.5,0,0.00,316.86,,
7/30/23,17:21,8/2/23,17:21,7,Caged,12.1,1,1,2,Red,31.306,20,24.8331,20.6762282,6.4729,U,3.5,5.5,0,0.00,316.86,,
7/30/23,17:21,8/2/23,17:21,7,Caged,12.1,1,1,3,Red,25.2446,20,11.6066,54.02343471,13.638,U,2.5,5.5,0,0.00,316.86,,
7/30/23,17:21,8/2/23,17:21,7,Caged,12.1,1,1,4,Red,19.4795,20,12.1249,37.75558921,7.3546,U,1.5,5.5,0,0.00,316.86,,
7/30/23,17:21,8/2/23,17:21,7,Caged,12.1,1,1,5,Red,24.9669,20,25.2348,0,-0.2679,U,0.5,5.5,0,0.00,316.86,,
7/30/23,17:21,8/2/23,17:21,7,Caged,12.1,1,1,6,Red,23.9522,20,13.9732,41.66214377,9.979,D,0.5,5.5,0,0.00,316.86,,
7/30/23,17:21,8/2/23,17:21,7,Caged,12.1,1,1,7,Red,29.8438,20,28.5992,4.170380448,1.2446,D,1.5,5.5,0,0.00,316.86,,
7/30/23,17:21,8/2/23,17:21,7,Caged,12.1,1,1,8,Red,24.8226,20,23.8062,4.094655677,1.0164,D,2.5,5.5,0,0.00,316.86,,
7/30/23,17:21,8/2/23,17:21,7,Caged,12.1,1,1,9,Red,22.4193,20,15.4829,30.93941381,6.9364,D,3.5,5.5,0,0.00,316.86,,
7/30/23,17:21,8/2/23,17:21,7,Caged,12.1,1,1,10,Red,22.8278,20,20.8426,8.696414022,1.9852,D,4.5,5.5,0,0.00,316.86,,
7/30/23,17:21,8/2/23,17:21,7,Caged,12.1,1,1,11,Red,22.8372,20,22.2671,2.496365579,0.5701,D,5.5,5.5,0,0.00,316.86,,
7/30/23,17:21,8/2/23,17:21,7,Caged,12.1,1,1,12,Red,24.1523,20,20.0902,16.81868808,4.0621,D,6.5,5.5,0,0.00,316.86,,
7/30/23,17:21,8/2/23,17:21,7,Active,12.1,1,2,1,Blue,33.4603,20,26.8699,19.69617726,6.5904,U,3.5,4.5,21,40.00,342.44,,
7/30/23,17:21,8/2/23,17:21,7,Active,12.1,1,2,2,Blue,23.4634,20,22.9067,2.372631417,0.5567,U,2.5,4.5,21,40.00,342.44,,
7/30/23,17:21,8/2/23,17:21,7,Active,12.1,1,2,3,Blue,34.4078,20,13.6995,60.18489994,20.7083,U,1.5,4.5,21,40.00,342.44,,
7/30/23,17:21,8/2/23,17:21,7,Active,12.1,1,2,4,Blue,30.9665,20,22.6338,26.90875624,8.3327,U,0.5,4.5,21,40.00,342.44,,
7/30/23,17:21,8/2/23,17:21,7,Active,12.1,1,2,5,Blue,32.5604,20,28.5751,12.2397145,3.9853,D,0.5,4.5,21,40.00,342.44,,
7/30/23,17:21,8/2/23,17:21,7,Active,12.1,1,2,6,Blue,30.2009,20,27.7798,8.01664851,2.4211,D,1.5,4.5,21,40.00,342.44,,
7/30/23,17:21,8/2/23,17:21,7,Active,12.1,1,2,7,Blue,21.9688,20,18.446,16.03546848,3.5228,D,2.5,4.5,21,40.00,342.44,,
7/30/23,17:21,8/2/23,17:21,7,Active,12.1,1,2,8,Blue,18.085,20,17.7554,1.822504838,0.3296,D,3.5,4.5,21,40.00,342.44,,
7/30/23,17:21,8/2/23,17:21,7,Active,12.1,1,2,9,Blue,35.907,20,31.919,11.10646949,3.988,D,4.5,4.5,21,40.00,342.44,,
7/30/23,17:21,8/2/23,17:21,7,Active,12.1,1,2,10,Blue,34.371,20,26.809,22.00110558,7.562,D,5.5,4.5,21,40.00,342.44,,
7/30/23,17:21,8/2/23,17:21,7,Active,12.1,1,2,11,Blue,34.2204,20,31.5626,7.766712254,2.6578,D,6.5,4.5,21,40.00,342.44,,
7/30/23,17:21,8/2/23,17:21,7,Active,12.1,1,2,12,Blue,16.1698,20,13.5654,16.10656904,2.6044,D,7.5,4.5,21,40.00,342.44,,
7/30/23,17:21,8/2/23,17:21,7,Control,12.1,1,3,1,Green,23.4804,20,19.7623,15.83490912,3.7181,U,4.5,5.5,0.00,0.00,,,
7/30/23,17:21,8/2/23,17:21,7,Control,12.1,1,3,2,Green,24.1474,20,22.1244,8.377713543,2.023,U,3.5,5.5,0.00,0.00,,,
7/30/23,17:21,8/2/23,17:21,7,Control,12.1,1,3,3,Green,20.7832,20,20.7456,0.1809153547,0.0376,U,2.5,5.5,0.00,0.00,,,
7/30/23,17:21,8/2/23,17:21,7,Control,12.1,1,3,4,Green,21.0384,20,21.1452,0,-0.1068,U,1.5,5.5,0.00,0.00,,,
7/30/23,17:21,8/2/23,17:21,7,Control,12.1,1,3,5,Green,23.8187,20,19.7526,17.07104082,4.0661,U,0.5,5.5,0.00,0.00,,,
7/30/23,17:21,8/2/23,17:21,7,Control,12.1,1,3,6,Green,20.9433,20,17.7679,15.16188948,3.1754,D,0.5,5.5,0.00,0.00,,,
7/30/23,17:21,8/2/23,17:21,7,Control,12.1,1,3,7,Green,25.4347,20,23.7105,6.778928,1.7242,D,1.5,5.5,0.00,0.00,,,
7/30/23,17:21,8/2/23,17:21,7,Control,12.1,1,3,8,Green,24.0047,20,24.0378,0,-0.0331,D,2.5,5.5,0.00,0.00,,,
7/30/23,17:21,8/2/23,17:21,7,Control,12.1,1,3,9,Green,33.4013,20,32.8863,1.541856155,0.515,D,3.5,5.5,0.00,0.00,,,
7/30/23,17:21,8/2/23,17:21,7,Control,12.1,1,3,10,Green,22.4676,20,22.0871,1.693549823,0.3805,D,4.5,5.5,0.00,0.00,,,
7/30/23,17:21,8/2/23,17:21,7,Control,12.1,1,3,11,Green,22.0501,20,20.6728,6.246230176,1.3773,D,5.5,5.5,0.00,0.00,,,
7/30/23,17:21,8/2/23,17:21,7,Control,12.1,1,3,12,Green,23.7065,20,23.587,0.5040811592,0.1195,D,6.5,5.5,0.00,0.00,,,
7/30/23,17:21,8/2/23,17:21,7,Caged,12.1,2,4,1,Black,25.8172,20,24.9651,3.300512836,0.8521,U,4.5,5.5,0,0.00,292.6,,
7/30/23,17:21,8/2/23,17:21,7,Caged,12.1,2,4,2,Black,27.88,20,18.796,32.58249641,9.084,U,3.5,5.5,0,0.00,292.6,,
7/30/23,17:21,8/2/23,17:21,7,Caged,12.1,2,4,3,Black,25.1246,20,15.7407,37.34945034,9.3839,U,2.5,5.5,0,0.00,292.6,,
7/30/23,17:21,8/2/23,17:21,7,Caged,12.1,2,4,4,Black,27.2722,20,25.2388,7.455944148,2.0334,U,1.5,5.5,0,0.00,292.6,,
7/30/23,17:21,8/2/23,17:21,7,Caged,12.1,2,4,5,Black,26.4551,20,19.706,25.51152708,6.7491,U,0.5,5.5,0,0.00,292.6,,
7/30/23,17:21,8/2/23,17:21,7,Caged,12.1,2,4,6,Black,23.5691,20,23.7415,0,-0.1724,D,0.5,5.5,0,0.00,292.6,,
7/30/23,17:21,8/2/23,17:21,7,Caged,12.1,2,4,7,Black,28.514,20,27.4573,3.705898857,1.0567,D,1.5,5.5,0,0.00,292.6,,
7/30/23,17:21,8/2/23,17:21,7,Caged,12.1,2,4,8,Black,25.8853,20,25.9599,0,-0.0746,D,2.5,5.5,0,0.00,292.6,,
7/30/23,17:21,8/2/23,17:21,7,Caged,12.1,2,4,9,Black,29.6933,20,29.9539,0,-0.2606,D,3.5,5.5,0,0.00,292.6,,
7/30/23,17:21,8/2/23,17:21,7,Caged,12.1,2,4,10,Black,24.2454,20,24.3702,0,-0.1248,D,4.5,5.5,0,0.00,292.6,,
7/30/23,17:21,8/2/23,17:21,7,Caged,12.1,2,4,11,Black,26.843,20,24.0791,10.29653913,2.7639,D,5.5,5.5,0,0.00,292.6,,
7/30/23,17:21,8/2/23,17:21,7,Caged,12.1,2,4,12,Black,27.866,20,27.7795,0.3104141247,0.0865,D,6.5,5.5,0,0.00,292.6,,
8/9/23,13:30,8/13/23,17:00,8,Active,,1,1,1,Red,21.5772,20,21.0149,2.60599151,0.5623,U,2.9,3.9,38,61.50,1464,,
8/9/23,13:30,8/13/23,17:00,8,Active,,1,1,2,Red,16.8889,20,15.5561,7.891573756,1.3328,U,1.9,3.9,38,61.50,1464,,
8/9/23,13:30,8/13/23,17:00,8,Active,,1,1,3,Red,22.0331,20,21.6237,1.858113475,0.4094,U,0.9,3.9,38,61.50,1464,,
8/9/23,13:30,8/13/23,17:00,8,Active,,1,1,4,Red,19.9987,20,18.6594,6.696935301,1.3393,D,0.1,3.9,38,61.50,1464,,
8/9/23,13:30,8/13/23,17:00,8,Active,,1,1,5,Red,26.5517,20,22.609,14.84914337,3.9427,D,1.1,3.9,38,61.50,1464,,
8/9/23,13:30,8/13/23,17:00,8,Active,,1,1,6,Red,24.1545,20,23.2536,3.7297398,0.9009,D,2.1,3.9,38,61.50,1464,,
8/9/23,13:30,8/13/23,17:00,8,Active,,1,1,7,Red,22.6263,20,22.2762,1.547314408,0.3501,D,3.1,3.9,38,61.50,1464,,
8/9/23,13:30,8/13/23,17:00,8,Active,,1,1,8,Red,27.3996,20,27.2934,0.3875968992,0.1062,D,4.1,3.9,38,61.50,1464,,
8/9/23,13:30,8/13/23,17:00,8,Active,,1,1,9,Red,19.3054,20,19.4896,-0.9541371844,-0.1842,D,5.1,3.9,38,61.50,1464,,
8/9/23,13:30,8/13/23,17:00,8,Active,,1,1,10,Red,26.3998,20,25.2579,4.325411556,1.1419,D,6.1,3.9,38,61.50,1464,,
8/9/23,13:30,8/13/23,17:00,8,Active,,1,1,11,Red,32.3997,20,29.7159,8.283410032,2.6838,D,7.1,3.9,38,61.50,1464,,
8/9/23,13:30,8/13/23,17:00,8,Active,,1,1,12,Red,18.8853,20,15.9675,15.45011199,2.9178,D,8.1,3.9,38,61.50,1464,,
8/9/23,13:30,8/13/23,17:00,8,Caged ,,1,2,1,Blue,19.8355,20,18.1686,8.403619773,1.6669,U,4.5,5.5,0,0.00,741.06,,
8/9/23,13:30,8/13/23,17:00,8,Caged ,,1,2,2,Blue,17.8713,20,0,100,17.8713,U,3.5,5.5,0,0.00,741.06,,
8/9/23,13:30,8/13/23,17:00,8,Caged ,,1,2,3,Blue,19.0691,20,5.0005,73.77694805,14.0686,U,2.5,5.5,0,0.00,741.06,,
8/9/23,13:30,8/13/23,17:00,8,Caged ,,1,2,4,Blue,24.4718,20,2.2584,90.77141853,22.2134,U,1.5,5.5,0,0.00,741.06,,
8/9/23,13:30,8/13/23,17:00,8,Caged ,,1,2,5,Blue,21.4653,20,19.5797,8.784410188,1.8856,U,0.5,5.5,0,0.00,741.06,,
8/9/23,13:30,8/13/23,17:00,8,Caged ,,1,2,6,Blue,19.8233,20,19.5956,1.148648308,0.2277,D,0.5,5.5,0,0.00,741.06,,
8/9/23,13:30,8/13/23,17:00,8,Caged ,,1,2,7,Blue,22.316,20,22.0361,1.254257035,0.2799,D,1.5,5.5,0,0.00,741.06,,
8/9/23,13:30,8/13/23,17:00,8,Caged ,,1,2,8,Blue,24.5343,20,23.45,4.419526948,1.0843,D,2.5,5.5,0,0.00,741.06,,
8/9/23,13:30,8/13/23,17:00,8,Caged ,,1,2,9,Blue,24.3953,20,23.4261,3.972896419,0.9692,D,3.5,5.5,0,0.00,741.06,,
8/9/23,13:30,8/13/23,17:00,8,Caged ,,1,2,10,Blue,24.1164,20,10.8544,54.99162396,13.262,D,4.5,5.5,0,0.00,741.06,,
8/9/23,13:30,8/13/23,17:00,8,Caged ,,1,2,11,Blue,24.9151,20,24.2457,2.686724115,0.6694,D,5.5,5.5,0,0.00,741.06,,
8/9/23,13:30,8/13/23,17:00,8,Caged ,,1,2,12,Blue,24.7802,20,24.7663,0.05609317116,0.0139,D,6.5,5.5,0,0.00,741.06,,
8/9/23,13:30,8/13/23,17:00,8,Caged,,2,3,1,Green,22.092,20,4.4829,79.70803911,17.6091,U,4.5,5.5,0,0.00,665.21,,
8/9/23,13:30,8/13/23,17:00,8,Caged,,2,3,2,Green,23.5572,20,6.4048,72.81170937,17.1524,U,3.5,5.5,0,0.00,665.21,,
8/9/23,13:30,8/13/23,17:00,8,Caged,,2,3,3,Green,23.1615,20,19.7111,14.89713533,3.4504,U,2.5,5.5,0,0.00,665.21,,
8/9/23,13:30,8/13/23,17:00,8,Caged,,2,3,4,Green,26.0256,20,24.001,7.779263494,2.0246,U,1.5,5.5,0,0.00,665.21,,
8/9/23,13:30,8/13/23,17:00,8,Caged,,2,3,5,Green,25.3319,20,24.5052,3.263474118,0.8267,U,0.5,5.5,0,0.00,665.21,,
8/9/23,13:30,8/13/23,17:00,8,Caged,,2,3,6,Green,26.7622,20,26.7285,0.1259238777,0.0337,D,0.5,5.5,0,0.00,665.21,,
8/9/23,13:30,8/13/23,17:00,8,Caged,,2,3,7,Green,26.9204,20,26.0768,3.133683006,0.8436,D,1.5,5.5,0,0.00,665.21,,
8/9/23,13:30,8/13/23,17:00,8,Caged,,2,3,8,Green,28.0224,20,12.2797,56.17898538,15.7427,D,2.5,5.5,0,0.00,665.21,,
8/9/23,13:30,8/13/23,17:00,8,Caged,,2,3,9,Green,27.9616,20,27.2502,2.544203479,0.7114,D,3.5,5.5,0,0.00,665.21,,
8/9/23,13:30,8/13/23,17:00,8,Caged,,2,3,10,Green,29.499,20,29.0115,1.652598393,0.4875,D,4.5,5.5,0,0.00,665.21,,
8/9/23,13:30,8/13/23,17:00,8,Caged,,2,3,11,Green,29.3397,20,29.1664,0.5906672529,0.1733,D,5.5,5.5,0,0.00,665.21,,
8/9/23,13:30,8/13/23,17:00,8,Caged,,2,3,12,Green,31.5823,20,27.3646,13.35463218,4.2177,D,6.5,5.5,0,0.00,665.21,,
8/9/23,13:30,8/13/23,17:00,8,Control,,1,4,1,Black,19.2969,20,12.1537,37.01734475,7.1432,U,4.5,5.5,0,0.00,,,
8/9/23,13:30,8/13/23,17:00,8,Control,,1,4,2,Black,17.8698,20,12.8494,28.09432674,5.0204,U,3.5,5.5,0,0.00,,,
8/9/23,13:30,8/13/23,17:00,8,Control,,1,4,3,Black,19.0035,20,12.2537,35.51872024,6.7498,U,2.5,5.5,0,0.00,,,
8/9/23,13:30,8/13/23,17:00,8,Control,,1,4,4,Black,17.6088,20,12.3537,29.84360093,5.2551,U,1.5,5.5,0,0.00,,,
8/9/23,13:30,8/13/23,17:00,8,Control,,1,4,5,Black,21.8057,20,13.5262,37.96943001,8.2795,U,0.5,5.5,0,0.00,,,
8/9/23,13:30,8/13/23,17:00,8,Control,,1,4,6,Black,21.9423,20,16.9715,22.65396061,4.9708,D,0.5,5.5,0,0.00,,,
8/9/23,13:30,8/13/23,17:00,8,Control,,1,4,7,Black,20.6965,20,12.393,40.1203102,8.3035,D,1.5,5.5,0,0.00,,,
8/9/23,13:30,8/13/23,17:00,8,Control,,1,4,8,Black,24.2265,20,18.7919,22.43246032,5.4346,D,2.5,5.5,0,0.00,,,
8/9/23,13:30,8/13/23,17:00,8,Control,,1,4,9,Black,23.7478,20,23.0952,2.748044029,0.6526,D,3.5,5.5,0,0.00,,,
8/9/23,13:30,8/13/23,17:00,8,Control,,1,4,10,Black,24.5889,20,7.4389,69.74691832,17.15,D,4.5,5.5,0,0.00,,,
8/9/23,13:30,8/13/23,17:00,8,Control,,1,4,11,Black,19.9382,20,15.2341,23.59340362,4.7041,D,5.5,5.5,0,0.00,,,
8/9/23,13:30,8/13/23,17:00,8,Control,,1,4,12,Black,20.4361,20,20.4116,0.1198858882,0.0245,D,6.5,5.5,0,0.00,,,
8/13/23,14:00,8/16/23,17:00,9,Caged,,1,1,2,Red,12.1972,20,4.2822,64.89194241,7.915,U,4.5,5.5,0,0,1143.05,,
8/13/23,14:00,8/16/23,17:00,9,Caged,,1,1,3,Red,28.8273,20,26.244,8.961297104,2.5833,U,3.5,5.5,0,0,1143.05,,
8/13/23,14:00,8/16/23,17:00,9,Caged,,1,1,4,Red,23.2852,20,15.5352,33.28294367,7.75,U,2.5,5.5,0,0,1143.05,,
8/13/23,14:00,8/16/23,17:00,9,Caged,,1,1,5,Red,24.0313,20,9.7599,59.38671649,14.2714,U,1.5,5.5,0,0,1143.05,,
8/13/23,14:00,8/16/23,17:00,9,Caged,,1,1,6,Red,16.0733,20,15.6619,2.55952418,0.4114,U,0.5,5.5,0,0,1143.05,,
8/13/23,14:00,8/16/23,17:00,9,Caged,,1,1,7,Red,30.1018,20,29.8674,0.7786909753,0.2344,D,0.5,5.5,0,0,1143.05,,
8/13/23,14:00,8/16/23,17:00,9,Caged,,1,1,8,Red,37.225,20,36.1781,2.812357287,1.0469,D,1.5,5.5,0,0,1143.05,,
8/13/23,14:00,8/16/23,17:00,9,Caged,,1,1,9,Red,12.8475,20,0,100,12.8475,D,2.5,5.5,0,0,1143.05,,
8/13/23,14:00,8/16/23,17:00,9,Caged,,1,1,10,Red,32.0249,20,26.6718,16.71543081,5.3531,D,3.5,5.5,0,0,1143.05,,
8/13/23,14:00,8/16/23,17:00,9,Caged,,1,1,11,Red,12.7993,20,3.0448,76.21119905,9.7545,D,4.5,5.5,0,0,1143.05,,
8/13/23,14:00,8/16/23,17:00,9,Caged,,1,1,12,Red,35.7242,20,29.6244,17.07470006,6.0998,D,5.5,5.5,0,0,1143.05,,
8/13/23,14:00,8/16/23,17:00,9,Control,,1,2,1,Blue,27.7309,20,4.1949,84.87283139,23.536,D,6.5,5.5,0,0,,,
8/13/23,14:00,8/16/23,17:00,9,Control,,1,2,2,Blue,27.7874,20,5.9612,78.54711128,21.8262,U,4.5,5.5,0,0,,,
8/13/23,14:00,8/16/23,17:00,9,Control,,1,2,3,Blue,29.0288,20,17.3692,40.16562862,11.6596,U,3.5,5.5,0,0,,,
8/13/23,14:00,8/16/23,17:00,9,Control,,1,2,4,Blue,33.2951,20,22.2077,33.30039555,11.0874,U,2.5,5.5,0,0,,,
8/13/23,14:00,8/16/23,17:00,9,Control,,1,2,5,Blue,16.174,20,14.8026,8.479040435,1.3714,U,1.5,5.5,0,0,,,
8/13/23,14:00,8/16/23,17:00,9,Control,,1,2,6,Blue,18.8883,20,18.2238,3.518050857,0.6645,U,0.5,5.5,0,0,,,
8/13/23,14:00,8/16/23,17:00,9,Control,,1,2,7,Blue,22.0356,20,15.536,29.49590662,6.4996,D,0.5,5.5,0,0,,,
8/13/23,14:00,8/16/23,17:00,9,Control,,1,2,8,Blue,21.3069,20,6.4673,69.64692189,14.8396,D,1.5,5.5,0,0,,,
8/13/23,14:00,8/16/23,17:00,9,Control,,1,2,9,Blue,28.6914,20,26.5486,7.46844002,2.1428,D,2.5,5.5,0,0,,,
8/13/23,14:00,8/16/23,17:00,9,Control,,1,2,10,Blue,25.3895,20,23.2767,8.321550247,2.1128,D,3.5,5.5,0,0,,,
8/13/23,14:00,8/16/23,17:00,9,Control,,1,2,11,Blue,20.0596,20,18.7379,6.588865182,1.3217,D,4.5,5.5,0,0,,,
8/13/23,14:00,8/16/23,17:00,9,Control,,1,2,12,Blue,19.886,20,13.4128,32.5515438,6.4732,D,5.5,5.5,0,0,,,
8/13/23,14:00,8/16/23,17:00,9,Caged ,,2,3,1,Green,14.0935,20,2.8562,79.73391989,11.2373,D,6.5,5.5,0,0,1348.99,,
8/13/23,14:00,8/16/23,17:00,9,Caged ,,2,3,2,Green,11.4035,20,2.4511,78.50572193,8.9524,U,4.5,5.5,0,0,1348.99,,
8/13/23,14:00,8/16/23,17:00,9,Caged ,,2,3,3,Green,24.7079,20,8.306,66.38322156,16.4019,U,3.5,5.5,0,0,1348.99,,
8/13/23,14:00,8/16/23,17:00,9,Caged ,,2,3,4,Green,34.0362,20,29.5775,13.09987601,4.4587,U,2.5,5.5,0,0,1348.99,,
8/13/23,14:00,8/16/23,17:00,9,Caged ,,2,3,5,Green,16.9306,20,16.4371,2.914840585,0.4935,U,1.5,5.5,0,0,1348.99,,
8/13/23,14:00,8/16/23,17:00,9,Caged ,,2,3,6,Green,32.4176,20,32.0161,1.238524752,0.4015,U,0.5,5.5,0,0,1348.99,,
8/13/23,14:00,8/16/23,17:00,9,Caged ,,2,3,7,Green,34.175,20,33.8498,0.9515727871,0.3252,D,0.5,5.5,0,0,1348.99,,
8/13/23,14:00,8/16/23,17:00,9,Caged ,,2,3,8,Green,32.0792,20,31.2272,2.655926582,0.852,D,1.5,5.5,0,0,1348.99,,
8/13/23,14:00,8/16/23,17:00,9,Caged ,,2,3,9,Green,31.067,20,29.4743,5.126661731,1.5927,D,2.5,5.5,0,0,1348.99,,
8/13/23,14:00,8/16/23,17:00,9,Caged ,,2,3,10,Green,32.224,20,25.1254,22.02892254,7.0986,D,3.5,5.5,0,0,1348.99,,
8/13/23,14:00,8/16/23,17:00,9,Caged ,,2,3,11,Green,30.7825,20,14.1638,53.98749289,16.6187,D,4.5,5.5,0,0,1348.99,,
8/13/23,14:00,8/16/23,17:00,9,Caged ,,2,3,12,Green,24.0493,20,23.1697,3.657486912,0.8796,D,5.5,5.5,0,0,1348.99,,
8/13/23,14:00,8/16/23,17:00,9,Active,,1,4,1,Black,25.9625,20,17.58,32.28695234,8.3825,D,6.5,5.5,0,0,1348.99,,
8/13/23,14:00,8/16/23,17:00,9,Active,,1,4,2,Black,22.6517,20,22.4895,0.7160610462,0.1622,U,5.2,6.2,15,50.00,,,"Pyc looked curled up by day 3 and not happy - amrs super twisted. day after trial, dropped all but 2 arms."
8/13/23,14:00,8/16/23,17:00,9,Active,,1,4,3,Black,21.6555,20,19.9638,7.811872273,1.6917,U,4.2,6.2,15,50.00,,,
8/13/23,14:00,8/16/23,17:00,9,Active,,1,4,4,Black,22.5779,20,7.5743,66.45259302,15.0036,U,3.2,6.2,15,50.00,,,
8/13/23,14:00,8/16/23,17:00,9,Active,,1,4,5,Black,21.9679,20,9.5041,56.73641996,12.4638,U,1.2,6.2,15,50.00,,,
8/13/23,14:00,8/16/23,17:00,9,Active,,1,4,6,Black,25.5237,20,24.4788,4.093842194,1.0449,U,0.2,6.2,15,50.00,,,
8/13/23,14:00,8/16/23,17:00,9,Active,,1,4,7,Black,17.6136,20,15.4147,12.48410319,2.1989,D,0.8,6.2,15,50.00,,,
8/13/23,14:00,8/16/23,17:00,9,Active,,1,4,8,Black,10.374,20,5.8203,43.89531521,4.5537,D,1.8,6.2,15,50.00,,,
8/13/23,14:00,8/16/23,17:00,9,Active,,1,4,9,Black,11.9449,20,1.0417,91.27912331,10.9032,D,2.8,6.2,15,50.00,,,
8/13/23,14:00,8/16/23,17:00,9,Active,,1,4,10,Black,23.8331,20,23.2372,2.500304199,0.5959,D,3.8,6.2,15,50.00,,,
8/13/23,14:00,8/16/23,17:00,9,Active,,1,4,11,Black,25.6655,20,25.4102,0.9947205392,0.2553,D,4.8,6.2,15,50.00,,,
8/13/23,14:00,8/16/23,17:00,9,Active,,1,4,12,Black,23.7406,20,21.5521,9.218385382,2.1885,D,5.8,6.2,15,50.00,,,
8/17/23,,8/20/23,16:00,10,Control,,1,1,1,Red,26.6964,,27.0919,-1.481473157,-0.3955,U,4.5,5.5,0,0.00,,,
8/17/23,,8/20/23,16:00,10,Control,,1,1,2,Red,28.5027,,28.8729,-1.298824322,-0.3702,U,3.5,5.5,0,0.00,,,
8/17/23,,8/20/23,16:00,10,Control,,1,1,3,Red,23.4699,,13.2667,43.47355549,10.2032,U,2.5,5.5,0,0.00,,,
8/17/23,,8/20/23,16:00,10,Control,,1,1,4,Red,32.1354,,31.8067,1.022859526,0.3287,U,1.5,5.5,0,0.00,,,
8/17/23,,8/20/23,16:00,10,Control,,1,1,5,Red,22.0091,,20.6215,6.304664889,1.3876,U,0.5,5.5,0,0.00,,,
8/17/23,,8/20/23,16:00,10,Control,,1,1,6,Red,19.7375,,19.3605,1.910069664,0.377,D,0.5,5.5,0,0.00,,,
8/17/23,,8/20/23,16:00,10,Control,,1,1,7,Red,18.1134,,6.0981,66.33376395,12.0153,D,1.5,5.5,0,0.00,,,
8/17/23,,8/20/23,16:00,10,Control,,1,1,8,Red,19.2493,,13.4771,29.98654497,5.7722,D,2.5,5.5,0,0.00,,,
8/17/23,,8/20/23,16:00,10,Control,,1,1,9,Red,40.0801,,35.4925,11.44607923,4.5876,D,3.5,5.5,0,0.00,,,
8/17/23,,8/20/23,16:00,10,Control,,1,1,10,Red,27.1401,,26.0478,4.02467198,1.0923,D,4.5,5.5,0,0.00,,,
8/17/23,,8/20/23,16:00,10,Control,,1,1,11,Red,24.8951,,11.3395,54.45087588,13.5556,D,5.5,5.5,0,0.00,,,
8/17/23,,8/20/23,16:00,10,Control,,1,1,12,Red,30.6846,,28.461,7.246631861,2.2236,D,6.5,5.5,0,0.00,,,
8/17/23,,8/20/23,16:00,10,Caged,,1,2,1,Blue,18.474,,9.3331,49.47980946,9.1409,U,4.5,5.5,0,0.00,,,
8/17/23,,8/20/23,16:00,10,Caged,,1,2,2,Blue,22.2649,,19.4771,12.52105332,2.7878,U,3.5,5.5,0,0.00,,,
8/17/23,,8/20/23,16:00,10,Caged,,1,2,3,Blue,15.6652,,15.6489,0.1040522943,0.0163,U,2.5,5.5,0,0.00,,,
8/17/23,,8/20/23,16:00,10,Caged,,1,2,4,Blue,32.1401,,14.5086,54.85826118,17.6315,U,1.5,5.5,0,0.00,,,
8/17/23,,8/20/23,16:00,10,Caged,,1,2,5,Blue,20.3284,,17.7461,12.70291809,2.5823,U,0.5,5.5,0,0.00,,,
8/17/23,,8/20/23,16:00,10,Caged,,1,2,6,Blue,17.2226,,17.7462,-3.040191376,-0.5236,D,0.5,5.5,0,0.00,,,
8/17/23,,8/20/23,16:00,10,Caged,,1,2,7,Blue,33.9121,,34.5538,-1.892244951,-0.6417,D,1.5,5.5,0,0.00,,,
8/17/23,,8/20/23,16:00,10,Caged,,1,2,8,Blue,34.5359,,36.3353,-5.210230514,-1.7994,D,2.5,5.5,0,0.00,,,
8/17/23,,8/20/23,16:00,10,Caged,,1,2,9,Blue,22.2983,,12.0944,45.7608876,10.2039,D,3.5,5.5,0,0.00,,,
8/17/23,,8/20/23,16:00,10,Caged,,1,2,10,Blue,14.1861,,14.7535,-3.999689837,-0.5674,D,4.5,5.5,0,0.00,,,
8/17/23,,8/20/23,16:00,10,Caged,,1,2,11,Blue,16.4176,,11.8329,27.92551896,4.5847,D,5.5,5.5,0,0.00,,,
8/17/23,,8/20/23,16:00,10,Caged,,1,2,12,Blue,14.7692,,15.1822,-2.796359992,-0.413,D,6.5,5.5,0,0.00,,,
8/17/23,,8/20/23,16:00,10,Caged,,2,3,1,Green,21.6414,,10.6743,50.67648119,10.9671,U,4.5,5.5,0,0.00,,,
8/17/23,,8/20/23,16:00,10,Caged,,2,3,2,Green,27.8663,,20.8954,25.01552054,6.9709,U,3.5,5.5,0,0.00,,,
8/17/23,,8/20/23,16:00,10,Caged,,2,3,3,Green,16.4362,,16.1531,1.72241759,0.2831,U,2.5,5.5,0,0.00,,,
8/17/23,,8/20/23,16:00,10,Caged,,2,3,4,Green,29.2031,,10.1594,65.21122758,19.0437,U,1.5,5.5,0,0.00,,,
8/17/23,,8/20/23,16:00,10,Caged,,2,3,5,Green,21.0904,,22.3691,-6.062948071,-1.2787,U,0.5,5.5,0,0.00,,,
8/17/23,,8/20/23,16:00,10,Caged,,2,3,6,Green,25.7431,,26.4393,-2.704413998,-0.6962,D,0.5,5.5,0,0.00,,,
8/17/23,,8/20/23,16:00,10,Caged,,2,3,7,Green,13.0298,,13.5078,-3.668513715,-0.478,D,1.5,5.5,0,0.00,,,
8/17/23,,8/20/23,16:00,10,Caged,,2,3,8,Green,10.68,,11.0589,-3.547752809,-0.3789,D,2.5,5.5,0,0.00,,,
8/17/23,,8/20/23,16:00,10,Caged,,2,3,9,Green,17.5677,,17.6427,-0.4269198586,-0.075,D,3.5,5.5,0,0.00,,,
8/17/23,,8/20/23,16:00,10,Caged,,2,3,10,Green,19.6547,,19.6153,0.2004609584,0.0394,D,4.5,5.5,0,0.00,,,
8/17/23,,8/20/23,16:00,10,Caged,,2,3,11,Green,24.2024,,24.5773,-1.549019932,-0.3749,D,5.5,5.5,0,0.00,,,
8/17/23,,8/20/23,16:00,10,Caged,,2,3,12,Green,27.8713,,28.4204,-1.970126976,-0.5491,D,6.5,5.5,0,0.00,,,
8/17/23,,8/20/23,16:00,10,Control,,2,4,1,Black,30.9424,,30.8302,0.3626092352,0.1122,U,4.5,5.5,0,0.00,,,
8/17/23,,8/20/23,16:00,10,Control,,2,4,2,Black,20.2763,,21.6132,-6.593412013,-1.3369,U,3.5,5.5,0,0.00,,,
8/17/23,,8/20/23,16:00,10,Control,,2,4,3,Black,19.5805,,10.942,44.11787237,8.6385,U,2.5,5.5,0,0.00,,,
8/17/23,,8/20/23,16:00,10,Control,,2,4,4,Black,24.8563,,19.8575,20.11079686,4.9988,U,1.5,5.5,0,0.00,,,
8/17/23,,8/20/23,16:00,10,Control,,2,4,5,Black,14.7036,,11.6494,20.77178378,3.0542,U,0.5,5.5,0,0.00,,,
8/17/23,,8/20/23,16:00,10,Control,,2,4,6,Black,19.591,,19.5675,0.1199530397,0.0235,D,0.5,5.5,0,0.00,,,
8/17/23,,8/20/23,16:00,10,Control,,2,4,7,Black,18.1569,,18.3256,-0.9291233636,-0.1687,D,1.5,5.5,0,0.00,,,
8/17/23,,8/20/23,16:00,10,Control,,2,4,8,Black,9.7113,,7.1125,26.76057788,2.5988,D,2.5,5.5,0,0.00,,,
8/17/23,,8/20/23,16:00,10,Control,,2,4,9,Black,10.6603,,2.9501,72.32629476,7.7102,D,3.5,5.5,0,0.00,,,
8/17/23,,8/20/23,16:00,10,Control,,2,4,10,Black,13.3635,,10.9526,18.04093239,2.4109,D,4.5,5.5,0,0.00,,,
8/17/23,,8/20/23,16:00,10,Control,,2,4,11,Black,16.3874,,14.5016,11.50762171,1.8858,D,5.5,5.5,0,0.00,,,
8/17/23,,8/20/23,16:00,10,Control,,2,4,12,Black,20.7232,,8.6319,58.34668391,12.0913,D,6.5,5.5,0,0.00,,,