"","Treatment","Trial","Rep_per_trial","Date_before","Time_before","Date_after","Time_after","Trial_Temp","Tank","Kelp_ID","kelp color","Kelp_weight_before_g","length before cm","Kelp_weight_after_g","avg_pyc_position","avg_dist_from_pyc","pyc_pcnt_activity","pyc_avg_dist_moved","weight_diff","weight_pcnt_change","up_down","up_down_ratio","pos_weight_pcnt_change"
"1","Active","1","1","7/6/23",16:40:00,"7/9/23",19:00:00,8.1,3,1,"Green",30.1553,25,29.0124,9.59375,4.484375,13.3333333333333,0.4,1.1429,3.79004685743468,"Up",3,3.79004685743468
"2","Active","1","1","7/6/23",16:40:00,"7/9/23",19:00:00,8.1,3,2,"Green",33.317,25,30.7432,9.59375,4.484375,13.3333333333333,0.4,2.5738,7.725185340817,"Up",3,7.725185340817
"3","Active","1","1","7/6/23",16:40:00,"7/9/23",19:00:00,8.1,3,3,"Green",29.017,25,26.6639,9.59375,4.484375,13.3333333333333,0.4,2.3531,8.10938415411654,"Up",3,8.10938415411654
"4","Active","1","1","7/6/23",16:40:00,"7/9/23",19:00:00,8.1,3,4,"Green",27.1208,25,27.3368,9.59375,4.484375,13.3333333333333,0.4,-0.216000000000001,-0.796436683283683,"Up",3,1e-05
"5","Active","1","1","7/6/23",16:40:00,"7/9/23",19:00:00,8.1,3,5,"Green",36.3071,25,36.3132,9.59375,4.484375,13.3333333333333,0.4,-0.00610000000000355,-0.0168011215437299,"Up",3,1e-05
"6","Active","1","1","7/6/23",16:40:00,"7/9/23",19:00:00,8.1,3,6,"Green",23.1472,25,23.4637,9.59375,4.484375,13.3333333333333,0.4,-0.316499999999998,-1.3673360060828,"Up",3,1e-05
"7","Active","1","1","7/6/23",16:40:00,"7/9/23",19:00:00,8.1,3,7,"Green",27.176,25,27.5655,9.59375,4.484375,13.3333333333333,0.4,-0.389500000000002,-1.43324992640566,"Up",3,1e-05
"8","Active","1","1","7/6/23",16:40:00,"7/9/23",19:00:00,8.1,3,8,"Green",31.241,25,30.243,9.59375,4.484375,13.3333333333333,0.4,0.998000000000001,3.19452002176627,"Up",3,3.19452002176627
"9","Active","1","1","7/6/23",16:40:00,"7/9/23",19:00:00,8.1,3,9,"Green",26.8362,25,23.8563,9.59375,4.484375,13.3333333333333,0.4,2.9799,11.104031122141,"Up",3,11.104031122141
"10","Active","1","1","7/6/23",16:40:00,"7/9/23",19:00:00,8.1,3,10,"Green",32.027,25,30.6542,9.59375,4.484375,13.3333333333333,0.4,1.3728,4.2863833640366,"Down",3,4.2863833640366
"11","Active","1","1","7/6/23",16:40:00,"7/9/23",19:00:00,8.1,3,11,"Green",21.0691,25,20.6666,9.59375,4.484375,13.3333333333333,0.4,0.4025,1.91038060477192,"Down",3,1.91038060477192
"12","Active","1","1","7/6/23",16:40:00,"7/9/23",19:00:00,8.1,3,12,"Green",33.502,25,31.6504,9.59375,4.484375,13.3333333333333,0.4,1.8516,5.52683421885261,"Down",3,5.52683421885261
"13","Active","1","2","7/6/23",16:40:00,"7/9/23",19:00:00,8.1,4,1,"Black",33.195,25,28.2138,3.29411764705882,4.5686274509804,18.75,0.5625,4.9812,15.0058743786715,"Up",0.333333333333333,15.0058743786715
"14","Active","1","2","7/6/23",16:40:00,"7/9/23",19:00:00,8.1,4,2,"Black",37.304,25,36.2919,3.29411764705882,4.5686274509804,18.75,0.5625,1.0121,2.71311387518766,"Up",0.333333333333333,2.71311387518766
"15","Active","1","2","7/6/23",16:40:00,"7/9/23",19:00:00,8.1,4,3,"Black",34.378,25,33.2793,3.29411764705882,4.5686274509804,18.75,0.5625,1.0987,3.19593926348246,"Up",0.333333333333333,3.19593926348246
"16","Active","1","2","7/6/23",16:40:00,"7/9/23",19:00:00,8.1,4,4,"Black",27.853,25,25.5714,3.29411764705882,4.5686274509804,18.75,0.5625,2.2816,8.19157720891825,"Down",0.333333333333333,8.19157720891825
"17","Active","1","2","7/6/23",16:40:00,"7/9/23",19:00:00,8.1,4,5,"Black",25.05,25,23.6965,3.29411764705882,4.5686274509804,18.75,0.5625,1.3535,5.40319361277445,"Down",0.333333333333333,5.40319361277445
"18","Active","1","2","7/6/23",16:40:00,"7/9/23",19:00:00,8.1,4,6,"Black",30.79,25,28.1752,3.29411764705882,4.5686274509804,18.75,0.5625,2.6148,8.49236765183501,"Down",0.333333333333333,8.49236765183501
"19","Active","1","2","7/6/23",16:40:00,"7/9/23",19:00:00,8.1,4,7,"Black",26.911,25,26.2274,3.29411764705882,4.5686274509804,18.75,0.5625,0.683600000000002,2.54022518672662,"Down",0.333333333333333,2.54022518672662
"20","Active","1","2","7/6/23",16:40:00,"7/9/23",19:00:00,8.1,4,8,"Black",34.342,25,33.7382,3.29411764705882,4.5686274509804,18.75,0.5625,0.6038,1.75819695999068,"Down",0.333333333333333,1.75819695999068
"21","Active","1","2","7/6/23",16:40:00,"7/9/23",19:00:00,8.1,4,9,"Black",33.5798,25,31.3653,3.29411764705882,4.5686274509804,18.75,0.5625,2.2145,6.59473850350508,"Down",0.333333333333333,6.59473850350508
"22","Active","1","2","7/6/23",16:40:00,"7/9/23",19:00:00,8.1,4,10,"Black",29.92,25,29.3143,3.29411764705882,4.5686274509804,18.75,0.5625,0.605700000000002,2.02439839572193,"Down",0.333333333333333,2.02439839572193
"23","Active","1","2","7/6/23",16:40:00,"7/9/23",19:00:00,8.1,4,11,"Black",33.027,25,30.1691,3.29411764705882,4.5686274509804,18.75,0.5625,2.8579,8.65322312047719,"Down",0.333333333333333,8.65322312047719
"24","Active","1","2","7/6/23",16:40:00,"7/9/23",19:00:00,8.1,4,12,"Black",28.0742,25,27.9679,3.29411764705882,4.5686274509804,18.75,0.5625,0.106300000000001,0.378639462567058,"Down",0.333333333333333,0.378639462567058
"25","Active","3","1","7/14/23",16:00:00,"7/17/23",18:15:00,8.5,1,1,"Red",25.0091,20,22.7972,10.9230769230769,5.14102564102564,8.33333333333333,0.583333333333333,2.2119,8.84438064544506,"Up",5,8.84438064544506
"26","Active","3","1","7/14/23",16:00:00,"7/17/23",18:15:00,8.5,1,2,"Red",21.4214,20,21.9351,10.9230769230769,5.14102564102564,8.33333333333333,0.583333333333333,-0.5137,-2.39806922049913,"Up",5,1e-05
"27","Active","3","1","7/14/23",16:00:00,"7/17/23",18:15:00,8.5,1,3,"Red",24.4553,20,24.4172,10.9230769230769,5.14102564102564,8.33333333333333,0.583333333333333,0.0381,0.155794449464942,"Up",5,0.155794449464942
"28","Active","3","1","7/14/23",16:00:00,"7/17/23",18:15:00,8.5,1,4,"Red",23.9965,20,23.5604,10.9230769230769,5.14102564102564,8.33333333333333,0.583333333333333,0.4361,1.81734836330298,"Up",5,1.81734836330298
"29","Active","3","1","7/14/23",16:00:00,"7/17/23",18:15:00,8.5,1,5,"Red",24.2691,20,24.1841,10.9230769230769,5.14102564102564,8.33333333333333,0.583333333333333,0.0850000000000009,0.350239605094548,"Up",5,0.350239605094548
"30","Active","3","1","7/14/23",16:00:00,"7/17/23",18:15:00,8.5,1,6,"Red",21.1747,20,21.0462,10.9230769230769,5.14102564102564,8.33333333333333,0.583333333333333,0.128500000000003,0.606856295484718,"Up",5,0.606856295484718
"31","Active","3","1","7/14/23",16:00:00,"7/17/23",18:15:00,8.5,1,7,"Red",21.0855,20,18.6883,10.9230769230769,5.14102564102564,8.33333333333333,0.583333333333333,2.3972,11.3689502264589,"Up",5,11.3689502264589
"32","Active","3","1","7/14/23",16:00:00,"7/17/23",18:15:00,8.5,1,8,"Red",20.4671,20,19.6454,10.9230769230769,5.14102564102564,8.33333333333333,0.583333333333333,0.8217,4.01473584435509,"Up",5,4.01473584435509
"33","Active","3","1","7/14/23",16:00:00,"7/17/23",18:15:00,8.5,1,9,"Red",28.5679,20,28.2645,10.9230769230769,5.14102564102564,8.33333333333333,0.583333333333333,0.3034,1.06203116084836,"Up",5,1.06203116084836
"34","Active","3","1","7/14/23",16:00:00,"7/17/23",18:15:00,8.5,1,10,"Red",27.3169,20,27.4073,10.9230769230769,5.14102564102564,8.33333333333333,0.583333333333333,-0.0903999999999989,-0.330930669292632,"Up",5,1e-05
"35","Active","3","1","7/14/23",16:00:00,"7/17/23",18:15:00,8.5,1,11,"Red",25.0397,20,25.3876,10.9230769230769,5.14102564102564,8.33333333333333,0.583333333333333,-0.347899999999999,-1.38939364289508,"Down",5,1e-05
"36","Active","3","1","7/14/23",16:00:00,"7/17/23",18:15:00,8.5,1,12,"Red",25.8127,20,20.7536,10.9230769230769,5.14102564102564,8.33333333333333,0.583333333333333,5.0591,19.599267027471,"Down",5,19.599267027471
"37","Active","3","2","7/14/23",16:00:00,"7/17/23",18:15:00,8.5,3,1,"Green",37.8773,20,34.6575,11.5384615384615,5.30769230769231,8.33333333333333,0.5,3.2198,8.5006059037999,"Up",11,8.5006059037999
"38","Active","3","2","7/14/23",16:00:00,"7/17/23",18:15:00,8.5,3,2,"Green",38.2048,20,38.2191,11.5384615384615,5.30769230769231,8.33333333333333,0.5,-0.0142999999999986,-0.0374298517463739,"Up",11,1e-05
"39","Active","3","2","7/14/23",16:00:00,"7/17/23",18:15:00,8.5,3,3,"Green",31.1125,20,30.7217,11.5384615384615,5.30769230769231,8.33333333333333,0.5,0.390800000000002,1.2560867818401,"Up",11,1.2560867818401
"40","Active","3","2","7/14/23",16:00:00,"7/17/23",18:15:00,8.5,3,4,"Green",30.6621,20,30.5226,11.5384615384615,5.30769230769231,8.33333333333333,0.5,0.139499999999998,0.454959053685162,"Up",11,0.454959053685162
"41","Active","3","2","7/14/23",16:00:00,"7/17/23",18:15:00,8.5,3,5,"Green",32.2208,20,31.5667,11.5384615384615,5.30769230769231,8.33333333333333,0.5,0.654099999999996,2.03005511967424,"Up",11,2.03005511967424
"42","Active","3","2","7/14/23",16:00:00,"7/17/23",18:15:00,8.5,3,6,"Green",34.8155,20,34.8077,11.5384615384615,5.30769230769231,8.33333333333333,0.5,0.00780000000000314,0.0224038143930236,"Up",11,0.0224038143930236
"43","Active","3","2","7/14/23",16:00:00,"7/17/23",18:15:00,8.5,3,7,"Green",28.6735,20,28.0075,11.5384615384615,5.30769230769231,8.33333333333333,0.5,0.666,2.32270214658134,"Up",11,2.32270214658134
"44","Active","3","2","7/14/23",16:00:00,"7/17/23",18:15:00,8.5,3,8,"Green",28.3357,20,27.5072,11.5384615384615,5.30769230769231,8.33333333333333,0.5,0.828499999999998,2.92387341763217,"Up",11,2.92387341763217
"45","Active","3","2","7/14/23",16:00:00,"7/17/23",18:15:00,8.5,3,9,"Green",31.3798,20,24.1715,11.5384615384615,5.30769230769231,8.33333333333333,0.5,7.2083,22.9711470436395,"Up",11,22.9711470436395
"46","Active","3","2","7/14/23",16:00:00,"7/17/23",18:15:00,8.5,3,10,"Green",20.4313,20,19.8302,11.5384615384615,5.30769230769231,8.33333333333333,0.5,0.601099999999999,2.94205459270824,"Up",11,2.94205459270824
"47","Active","3","2","7/14/23",16:00:00,"7/17/23",18:15:00,8.5,3,11,"Green",18.7075,20,17.1827,11.5384615384615,5.30769230769231,8.33333333333333,0.5,1.5248,8.15074168114392,"Up",11,8.15074168114392
"48","Active","3","2","7/14/23",16:00:00,"7/17/23",18:15:00,8.5,3,12,"Green",18.8145,20,14.3372,11.5384615384615,5.30769230769231,8.33333333333333,0.5,4.4773,23.7970714076909,"Down",11,23.7970714076909
"49","Active","4","1","7/18/23",16:00:00,"7/21/23",18:00:00,11.2,3,1,"Green",33.1517,20,31.7275,11.3076923076923,5.2051282051282,25,0.916666666666667,1.4242,4.29600895278372,"Up",11,4.29600895278372
"50","Active","4","1","7/18/23",16:00:00,"7/21/23",18:00:00,11.2,3,2,"Green",33.2245,20,33.3732,11.3076923076923,5.2051282051282,25,0.916666666666667,-0.148699999999998,-0.447561287604021,"Up",11,1e-05
"51","Active","4","1","7/18/23",16:00:00,"7/21/23",18:00:00,11.2,3,3,"Green",35.3252,20,36.0712,11.3076923076923,5.2051282051282,25,0.916666666666667,-0.745999999999995,-2.11180686875091,"Up",11,1e-05
"52","Active","4","1","7/18/23",16:00:00,"7/21/23",18:00:00,11.2,3,4,"Green",32.9894,20,27.4117,11.3076923076923,5.2051282051282,25,0.916666666666667,5.5777,16.9075521228031,"Up",11,16.9075521228031
"53","Active","4","1","7/18/23",16:00:00,"7/21/23",18:00:00,11.2,3,5,"Green",31.6559,20,29.218,11.3076923076923,5.2051282051282,25,0.916666666666667,2.4379,7.70125000394871,"Up",11,7.70125000394871
"54","Active","4","1","7/18/23",16:00:00,"7/21/23",18:00:00,11.2,3,6,"Green",34.4275,20,30.2569,11.3076923076923,5.2051282051282,25,0.916666666666667,4.1706,12.1141529300704,"Up",11,12.1141529300704
"55","Active","4","1","7/18/23",16:00:00,"7/21/23",18:00:00,11.2,3,7,"Green",30.7631,20,26.8011,11.3076923076923,5.2051282051282,25,0.916666666666667,3.962,12.8790661539312,"Up",11,12.8790661539312
"56","Active","4","1","7/18/23",16:00:00,"7/21/23",18:00:00,11.2,3,8,"Green",31.928,20,30.6132,11.3076923076923,5.2051282051282,25,0.916666666666667,1.3148,4.11801553495365,"Up",11,4.11801553495365
"57","Active","4","1","7/18/23",16:00:00,"7/21/23",18:00:00,11.2,3,9,"Green",23.8769,20,22.6492,11.3076923076923,5.2051282051282,25,0.916666666666667,1.2277,5.14178976332773,"Up",11,5.14178976332773
"58","Active","4","1","7/18/23",16:00:00,"7/21/23",18:00:00,11.2,3,10,"Green",25.0849,20,8.1148,11.3076923076923,5.2051282051282,25,0.916666666666667,16.9701,67.6506583641952,"Up",11,67.6506583641952
"59","Active","4","1","7/18/23",16:00:00,"7/21/23",18:00:00,11.2,3,11,"Green",28.3561,20,28.3981,11.3076923076923,5.2051282051282,25,0.916666666666667,-0.041999999999998,-0.14811627833164,"Up",11,1e-05
"60","Active","4","1","7/18/23",16:00:00,"7/21/23",18:00:00,11.2,3,12,"Green",29.7173,20,25.8124,11.3076923076923,5.2051282051282,25,0.916666666666667,3.9049,13.1401574167236,"Down",11,13.1401574167236
"61","Active","4","2","7/18/23",16:00:00,"7/21/23",18:00:00,11.2,4,1,"Black",16.4688,20,17.9906,8.25,4.19444444444445,72.7272727272727,2.09090909090909,-1.5218,-9.24050325463907,"Up",2,1e-05
"62","Active","4","2","7/18/23",16:00:00,"7/21/23",18:00:00,11.2,4,2,"Black",21.4065,20,22.3917,8.25,4.19444444444445,72.7272727272727,2.09090909090909,-0.985199999999999,-4.60234041062294,"Up",2,1e-05
"63","Active","4","2","7/18/23",16:00:00,"7/21/23",18:00:00,11.2,4,3,"Black",23.8953,20,18.1128,8.25,4.19444444444445,72.7272727272727,2.09090909090909,5.7825,24.199319531456,"Up",2,24.199319531456
"64","Active","4","2","7/18/23",16:00:00,"7/21/23",18:00:00,11.2,4,4,"Black",19.9045,20,16.3917,8.25,4.19444444444445,72.7272727272727,2.09090909090909,3.5128,17.6482704915974,"Up",2,17.6482704915974
"65","Active","4","2","7/18/23",16:00:00,"7/21/23",18:00:00,11.2,4,5,"Black",25.1658,20,20.1737,8.25,4.19444444444445,72.7272727272727,2.09090909090909,4.9921,19.8368420634353,"Up",2,19.8368420634353
"66","Active","4","2","7/18/23",16:00:00,"7/21/23",18:00:00,11.2,4,6,"Black",23.2461,20,23.1504,8.25,4.19444444444445,72.7272727272727,2.09090909090909,0.0956999999999972,0.411681959554494,"Up",2,0.411681959554494
"67","Active","4","2","7/18/23",16:00:00,"7/21/23",18:00:00,11.2,4,7,"Black",26.0322,20,26.5341,8.25,4.19444444444445,72.7272727272727,2.09090909090909,-0.501899999999999,-1.92799686542051,"Up",2,1e-05
"68","Active","4","2","7/18/23",16:00:00,"7/21/23",18:00:00,11.2,4,8,"Black",24.1691,20,23.8736,8.25,4.19444444444445,72.7272727272727,2.09090909090909,0.295500000000001,1.22263551394136,"Up",2,1.22263551394136
"69","Active","4","2","7/18/23",16:00:00,"7/21/23",18:00:00,11.2,4,9,"Black",25.0486,20,23.7009,8.25,4.19444444444445,72.7272727272727,2.09090909090909,1.3477,5.38034061783892,"Down",2,5.38034061783892
"70","Active","4","2","7/18/23",16:00:00,"7/21/23",18:00:00,11.2,4,10,"Black",28.1393,20,27.945,8.25,4.19444444444445,72.7272727272727,2.09090909090909,0.194299999999998,0.690493366928098,"Down",2,0.690493366928098
"71","Active","4","2","7/18/23",16:00:00,"7/21/23",18:00:00,11.2,4,11,"Black",31.4976,20,26.4016,8.25,4.19444444444445,72.7272727272727,2.09090909090909,5.096,16.1790104642893,"Down",2,16.1790104642893
"72","Active","4","2","7/18/23",16:00:00,"7/21/23",18:00:00,11.2,4,12,"Black",30.8838,20,20.1023,8.25,4.19444444444445,72.7272727272727,2.09090909090909,10.7815,34.9098880319132,"Down",2,34.9098880319132
"73","Active","5","1","7/22/23",12:00:00,"7/25/23",18:00:00,12.5,1,1,"Red",26.0121,20,16.7823,7.75,4.86111111111111,54.5454545454545,2.81818181818182,9.2298,35.4827176583206,"Up",1.4,35.4827176583206
"74","Active","5","1","7/22/23",12:00:00,"7/25/23",18:00:00,12.5,1,2,"Red",28.2287,20,18.1222,7.75,4.86111111111111,54.5454545454545,2.81818181818182,10.1065,35.8022154757392,"Up",1.4,35.8022154757392
"75","Active","5","1","7/22/23",12:00:00,"7/25/23",18:00:00,12.5,1,3,"Red",28.7822,20,19.8767,7.75,4.86111111111111,54.5454545454545,2.81818181818182,8.9055,30.9409982558665,"Up",1.4,30.9409982558665
"76","Active","5","1","7/22/23",12:00:00,"7/25/23",18:00:00,12.5,1,4,"Red",26.6704,20,25.6941,7.75,4.86111111111111,54.5454545454545,2.81818181818182,0.976300000000002,3.66061251424801,"Up",1.4,3.66061251424801
"77","Active","5","1","7/22/23",12:00:00,"7/25/23",18:00:00,12.5,1,5,"Red",26.7093,20,24.2411,7.75,4.86111111111111,54.5454545454545,2.81818181818182,2.4682,9.24097598963657,"Up",1.4,9.24097598963657
"78","Active","5","1","7/22/23",12:00:00,"7/25/23",18:00:00,12.5,1,6,"Red",17.6178,20,10.7273,7.75,4.86111111111111,54.5454545454545,2.81818181818182,6.8905,39.111012725766,"Up",1.4,39.111012725766
"79","Active","5","1","7/22/23",12:00:00,"7/25/23",18:00:00,12.5,1,7,"Red",17.4689,20,13.1575,7.75,4.86111111111111,54.5454545454545,2.81818181818182,4.3114,24.6804320821574,"Up",1.4,24.6804320821574
"80","Active","5","1","7/22/23",12:00:00,"7/25/23",18:00:00,12.5,1,8,"Red",22.6169,20,19.6247,7.75,4.86111111111111,54.5454545454545,2.81818181818182,2.9922,13.2299298312324,"Down",1.4,13.2299298312324
"81","Active","5","1","7/22/23",12:00:00,"7/25/23",18:00:00,12.5,1,9,"Red",17.7394,20,14.4958,7.75,4.86111111111111,54.5454545454545,2.81818181818182,3.2436,18.2847221439282,"Down",1.4,18.2847221439282
"82","Active","5","1","7/22/23",12:00:00,"7/25/23",18:00:00,12.5,1,10,"Red",18.5813,20,6.6904,7.75,4.86111111111111,54.5454545454545,2.81818181818182,11.8909,63.9939078535947,"Down",1.4,63.9939078535947
"83","Active","5","1","7/22/23",12:00:00,"7/25/23",18:00:00,12.5,1,11,"Red",16.5387,20,15.2489,7.75,4.86111111111111,54.5454545454545,2.81818181818182,1.2898,7.79867825161589,"Down",1.4,7.79867825161589
"84","Active","5","1","7/22/23",12:00:00,"7/25/23",18:00:00,12.5,1,12,"Red",19.9204,20,18.2296,7.75,4.86111111111111,54.5454545454545,2.81818181818182,1.6908,8.48778136985201,"Down",1.4,8.48778136985201
"85","Active","5","2","7/22/23",12:00:00,"7/25/23",18:00:00,12.5,2,1,"Blue",24.1472,20,2.0429,3,5.32051282051282,16.6666666666667,1.5,22.1043,91.5398058574079,"Up",0.2,91.5398058574079
"86","Active","5","2","7/22/23",12:00:00,"7/25/23",18:00:00,12.5,2,2,"Blue",18.579,20,11.8657,3,5.32051282051282,16.6666666666667,1.5,6.7133,36.1338069863825,"Up",0.2,36.1338069863825
"87","Active","5","2","7/22/23",12:00:00,"7/25/23",18:00:00,12.5,2,3,"Blue",15.6407,20,6.1884,3,5.32051282051282,16.6666666666667,1.5,9.4523,60.4339959208987,"Down",0.2,60.4339959208987
"88","Active","5","2","7/22/23",12:00:00,"7/25/23",18:00:00,12.5,2,4,"Blue",16.5365,20,12.3355,3,5.32051282051282,16.6666666666667,1.5,4.201,25.404408429837,"Down",0.2,25.404408429837
"89","Active","5","2","7/22/23",12:00:00,"7/25/23",18:00:00,12.5,2,5,"Blue",28.4005,20,23.7132,3,5.32051282051282,16.6666666666667,1.5,4.6873,16.5042868963575,"Down",0.2,16.5042868963575
"90","Active","5","2","7/22/23",12:00:00,"7/25/23",18:00:00,12.5,2,6,"Blue",26.4874,20,11.3828,3,5.32051282051282,16.6666666666667,1.5,15.1046,57.0256046271057,"Down",0.2,57.0256046271057
"91","Active","5","2","7/22/23",12:00:00,"7/25/23",18:00:00,12.5,2,7,"Blue",19.2925,20,10.4573,3,5.32051282051282,16.6666666666667,1.5,8.8352,45.7960347285214,"Down",0.2,45.7960347285214
"92","Active","5","2","7/22/23",12:00:00,"7/25/23",18:00:00,12.5,2,8,"Blue",24.0792,20,23.5837,3,5.32051282051282,16.6666666666667,1.5,0.4955,2.05779261769494,"Down",0.2,2.05779261769494
"93","Active","5","2","7/22/23",12:00:00,"7/25/23",18:00:00,12.5,2,9,"Blue",24.4088,20,20.9892,3,5.32051282051282,16.6666666666667,1.5,3.4196,14.0097014191603,"Down",0.2,14.0097014191603
"94","Active","5","2","7/22/23",12:00:00,"7/25/23",18:00:00,12.5,2,10,"Blue",22.3603,20,19.8492,3,5.32051282051282,16.6666666666667,1.5,2.5111,11.2301713304383,"Down",0.2,11.2301713304383
"95","Active","5","2","7/22/23",12:00:00,"7/25/23",18:00:00,12.5,2,11,"Blue",20.3751,20,19.0396,3,5.32051282051282,16.6666666666667,1.5,1.3355,6.55456905732978,"Down",0.2,6.55456905732978
"96","Active","5","2","7/22/23",12:00:00,"7/25/23",18:00:00,12.5,2,12,"Blue",21.3613,20,15.9618,3,5.32051282051282,16.6666666666667,1.5,5.3995,25.2770196570433,"Down",0.2,25.2770196570433
"97","Active","6","1","7/26/23",15:00:00,"7/29/23",17:21:00,12.6,1,1,"Red",36.57,20,32.4729,1.53846153846154,5.16666666666667,16.6666666666667,0.583333333333333,4.0971,11.2034454470878,"Up",0.0909090909090909,11.2034454470878
"98","Active","6","1","7/26/23",15:00:00,"7/29/23",17:21:00,12.6,1,2,"Red",26.7636,20,17.7951,1.53846153846154,5.16666666666667,16.6666666666667,0.583333333333333,8.9685,33.5100659104156,"Down",0.0909090909090909,33.5100659104156
"99","Active","6","1","7/26/23",15:00:00,"7/29/23",17:21:00,12.6,1,3,"Red",34.0068,20,30.9715,1.53846153846154,5.16666666666667,16.6666666666667,0.583333333333333,3.0353,8.92556782761095,"Down",0.0909090909090909,8.92556782761095
"100","Active","6","1","7/26/23",15:00:00,"7/29/23",17:21:00,12.6,1,4,"Red",34.3936,20,34.2773,1.53846153846154,5.16666666666667,16.6666666666667,0.583333333333333,0.116300000000003,0.338144305917387,"Down",0.0909090909090909,0.338144305917387
"101","Active","6","1","7/26/23",15:00:00,"7/29/23",17:21:00,12.6,1,5,"Red",31.9556,20,31.11,1.53846153846154,5.16666666666667,16.6666666666667,0.583333333333333,0.845600000000001,2.64617156304373,"Down",0.0909090909090909,2.64617156304373
"102","Active","6","1","7/26/23",15:00:00,"7/29/23",17:21:00,12.6,1,6,"Red",32.4835,20,27.3237,1.53846153846154,5.16666666666667,16.6666666666667,0.583333333333333,5.1598,15.884372065818,"Down",0.0909090909090909,15.884372065818
"103","Active","6","1","7/26/23",15:00:00,"7/29/23",17:21:00,12.6,1,7,"Red",33.1642,20,33.3104,1.53846153846154,5.16666666666667,16.6666666666667,0.583333333333333,-0.1462,-0.440836805953409,"Down",0.0909090909090909,1e-05
"104","Active","6","1","7/26/23",15:00:00,"7/29/23",17:21:00,12.6,1,8,"Red",31.8796,20,28.7152,1.53846153846154,5.16666666666667,16.6666666666667,0.583333333333333,3.1644,9.92609693973576,"Down",0.0909090909090909,9.92609693973576
"105","Active","6","1","7/26/23",15:00:00,"7/29/23",17:21:00,12.6,1,9,"Red",30.4439,20,22.6894,1.53846153846154,5.16666666666667,16.6666666666667,0.583333333333333,7.7545,25.4714409126295,"Down",0.0909090909090909,25.4714409126295
"106","Active","6","1","7/26/23",15:00:00,"7/29/23",17:21:00,12.6,1,10,"Red",29.6836,20,27.0838,1.53846153846154,5.16666666666667,16.6666666666667,0.583333333333333,2.5998,8.75837162608308,"Down",0.0909090909090909,8.75837162608308
"107","Active","6","1","7/26/23",15:00:00,"7/29/23",17:21:00,12.6,1,11,"Red",28.5825,20,20.567,1.53846153846154,5.16666666666667,16.6666666666667,0.583333333333333,8.0155,28.0433831890143,"Down",0.0909090909090909,28.0433831890143
"108","Active","6","1","7/26/23",15:00:00,"7/29/23",17:21:00,12.6,1,12,"Red",30.7017,20,18.1255,1.53846153846154,5.16666666666667,16.6666666666667,0.583333333333333,12.5762,40.962552562236,"Down",0.0909090909090909,40.962552562236
"109","Active","7","1","7/30/23",17:21:00,"8/2/23",17:21:00,12.1,2,1,"Blue",33.4603,20,26.8699,4.54545454545454,4.78787878787879,40,2.1,6.5904,19.6961772608135,"Up",0.5,19.6961772608135
"110","Active","7","1","7/30/23",17:21:00,"8/2/23",17:21:00,12.1,2,2,"Blue",23.4634,20,22.9067,4.54545454545454,4.78787878787879,40,2.1,0.556699999999999,2.37263141744163,"Up",0.5,2.37263141744163
"111","Active","7","1","7/30/23",17:21:00,"8/2/23",17:21:00,12.1,2,3,"Blue",34.4078,20,13.6995,4.54545454545454,4.78787878787879,40,2.1,20.7083,60.1848999354797,"Up",0.5,60.1848999354797
"112","Active","7","1","7/30/23",17:21:00,"8/2/23",17:21:00,12.1,2,4,"Blue",30.9665,20,22.6338,4.54545454545454,4.78787878787879,40,2.1,8.3327,26.9087562365782,"Up",0.5,26.9087562365782
"113","Active","7","1","7/30/23",17:21:00,"8/2/23",17:21:00,12.1,2,5,"Blue",32.5604,20,28.5751,4.54545454545454,4.78787878787879,40,2.1,3.9853,12.2397144998219,"Down",0.5,12.2397144998219
"114","Active","7","1","7/30/23",17:21:00,"8/2/23",17:21:00,12.1,2,6,"Blue",30.2009,20,27.7798,4.54545454545454,4.78787878787879,40,2.1,2.4211,8.01664851047485,"Down",0.5,8.01664851047485
"115","Active","7","1","7/30/23",17:21:00,"8/2/23",17:21:00,12.1,2,7,"Blue",21.9688,20,18.446,4.54545454545454,4.78787878787879,40,2.1,3.5228,16.0354684825753,"Down",0.5,16.0354684825753
"116","Active","7","1","7/30/23",17:21:00,"8/2/23",17:21:00,12.1,2,8,"Blue",18.085,20,17.7554,4.54545454545454,4.78787878787879,40,2.1,0.329599999999999,1.82250483826375,"Down",0.5,1.82250483826375
"117","Active","7","1","7/30/23",17:21:00,"8/2/23",17:21:00,12.1,2,9,"Blue",35.907,20,31.919,4.54545454545454,4.78787878787879,40,2.1,3.988,11.1064694906286,"Down",0.5,11.1064694906286
"118","Active","7","1","7/30/23",17:21:00,"8/2/23",17:21:00,12.1,2,10,"Blue",34.371,20,26.809,4.54545454545454,4.78787878787879,40,2.1,7.562,22.0011055831951,"Down",0.5,22.0011055831951
"119","Active","7","1","7/30/23",17:21:00,"8/2/23",17:21:00,12.1,2,11,"Blue",34.2204,20,31.5626,4.54545454545454,4.78787878787879,40,2.1,2.6578,7.7667122535096,"Down",0.5,7.7667122535096
"120","Active","7","1","7/30/23",17:21:00,"8/2/23",17:21:00,12.1,2,12,"Blue",16.1698,20,13.5654,4.54545454545454,4.78787878787879,40,2.1,2.6044,16.1065690361043,"Down",0.5,16.1065690361043
"121","Active","8","1","8/9/23",13:30:00,"8/13/23",17:00:00,NA,1,1,"Red",21.5772,20,21.0149,3.13888888888889,4.72222222222222,54.5454545454545,2.87878787878788,0.5623,2.60599150955639,"Up",0.333333333333333,2.60599150955639
"122","Active","8","1","8/9/23",13:30:00,"8/13/23",17:00:00,NA,1,2,"Red",16.8889,20,15.5561,3.13888888888889,4.72222222222222,54.5454545454545,2.87878787878788,1.3328,7.89157375554358,"Up",0.333333333333333,7.89157375554358
"123","Active","8","1","8/9/23",13:30:00,"8/13/23",17:00:00,NA,1,3,"Red",22.0331,20,21.6237,3.13888888888889,4.72222222222222,54.5454545454545,2.87878787878788,0.409400000000002,1.85811347472667,"Up",0.333333333333333,1.85811347472667
"124","Active","8","1","8/9/23",13:30:00,"8/13/23",17:00:00,NA,1,4,"Red",19.9987,20,18.6594,3.13888888888889,4.72222222222222,54.5454545454545,2.87878787878788,1.3393,6.69693530079454,"Down",0.333333333333333,6.69693530079454
"125","Active","8","1","8/9/23",13:30:00,"8/13/23",17:00:00,NA,1,5,"Red",26.5517,20,22.609,3.13888888888889,4.72222222222222,54.5454545454545,2.87878787878788,3.9427,14.8491433693511,"Down",0.333333333333333,14.8491433693511
"126","Active","8","1","8/9/23",13:30:00,"8/13/23",17:00:00,NA,1,6,"Red",24.1545,20,23.2536,3.13888888888889,4.72222222222222,54.5454545454545,2.87878787878788,0.9009,3.72973980003726,"Down",0.333333333333333,3.72973980003726
"127","Active","8","1","8/9/23",13:30:00,"8/13/23",17:00:00,NA,1,7,"Red",22.6263,20,22.2762,3.13888888888889,4.72222222222222,54.5454545454545,2.87878787878788,0.350100000000001,1.54731440845388,"Down",0.333333333333333,1.54731440845388
"128","Active","8","1","8/9/23",13:30:00,"8/13/23",17:00:00,NA,1,8,"Red",27.3996,20,27.2934,3.13888888888889,4.72222222222222,54.5454545454545,2.87878787878788,0.106200000000001,0.387596899224811,"Down",0.333333333333333,0.387596899224811
"129","Active","8","1","8/9/23",13:30:00,"8/13/23",17:00:00,NA,1,9,"Red",19.3054,20,19.4896,3.13888888888889,4.72222222222222,54.5454545454545,2.87878787878788,-0.184200000000001,-0.954137184414726,"Down",0.333333333333333,1e-05
"130","Active","8","1","8/9/23",13:30:00,"8/13/23",17:00:00,NA,1,10,"Red",26.3998,20,25.2579,3.13888888888889,4.72222222222222,54.5454545454545,2.87878787878788,1.1419,4.32541155614815,"Down",0.333333333333333,4.32541155614815
"131","Active","8","1","8/9/23",13:30:00,"8/13/23",17:00:00,NA,1,11,"Red",32.3997,20,29.7159,3.13888888888889,4.72222222222222,54.5454545454545,2.87878787878788,2.6838,8.28341003157437,"Down",0.333333333333333,8.28341003157437
"132","Active","8","1","8/9/23",13:30:00,"8/13/23",17:00:00,NA,1,12,"Red",18.8853,20,15.9675,3.13888888888889,4.72222222222222,54.5454545454545,2.87878787878788,2.9178,15.4501119918667,"Down",0.333333333333333,15.4501119918667
"133","Active","9","1","8/13/23",14:00:00,"8/16/23",17:00:00,NA,4,1,"Black",25.9625,20,17.58,3.77777777777778,4.55555555555555,50,2,8.3825,32.2869523350987,"Up",0.333333333333333,32.2869523350987
"134","Active","9","1","8/13/23",14:00:00,"8/16/23",17:00:00,NA,4,2,"Black",22.6517,20,22.4895,3.77777777777778,4.55555555555555,50,2,0.162200000000002,0.716061046190803,"Up",0.333333333333333,0.716061046190803
"135","Active","9","1","8/13/23",14:00:00,"8/16/23",17:00:00,NA,4,3,"Black",21.6555,20,19.9638,3.77777777777778,4.55555555555555,50,2,1.6917,7.81187227263282,"Up",0.333333333333333,7.81187227263282
"136","Active","9","1","8/13/23",14:00:00,"8/16/23",17:00:00,NA,4,4,"Black",22.5779,20,7.5743,3.77777777777778,4.55555555555555,50,2,15.0036,66.4525930223803,"Down",0.333333333333333,66.4525930223803
"137","Active","9","1","8/13/23",14:00:00,"8/16/23",17:00:00,NA,4,5,"Black",21.9679,20,9.5041,3.77777777777778,4.55555555555555,50,2,12.4638,56.7364199582118,"Down",0.333333333333333,56.7364199582118
"138","Active","9","1","8/13/23",14:00:00,"8/16/23",17:00:00,NA,4,6,"Black",25.5237,20,24.4788,3.77777777777778,4.55555555555555,50,2,1.0449,4.09384219372584,"Down",0.333333333333333,4.09384219372584
"139","Active","9","1","8/13/23",14:00:00,"8/16/23",17:00:00,NA,4,7,"Black",17.6136,20,15.4147,3.77777777777778,4.55555555555555,50,2,2.1989,12.4841031929872,"Down",0.333333333333333,12.4841031929872
"140","Active","9","1","8/13/23",14:00:00,"8/16/23",17:00:00,NA,4,8,"Black",10.374,20,5.8203,3.77777777777778,4.55555555555555,50,2,4.5537,43.8953152111047,"Down",0.333333333333333,43.8953152111047
"141","Active","9","1","8/13/23",14:00:00,"8/16/23",17:00:00,NA,4,9,"Black",11.9449,20,1.0417,3.77777777777778,4.55555555555555,50,2,10.9032,91.2791233078552,"Down",0.333333333333333,91.2791233078552
"142","Active","9","1","8/13/23",14:00:00,"8/16/23",17:00:00,NA,4,10,"Black",23.8331,20,23.2372,3.77777777777778,4.55555555555555,50,2,0.5959,2.50030419878237,"Down",0.333333333333333,2.50030419878237
"143","Active","9","1","8/13/23",14:00:00,"8/16/23",17:00:00,NA,4,11,"Black",25.6655,20,25.4102,3.77777777777778,4.55555555555555,50,2,0.255300000000002,0.994720539245298,"Down",0.333333333333333,0.994720539245298
"144","Active","9","1","8/13/23",14:00:00,"8/16/23",17:00:00,NA,4,12,"Black",23.7406,20,21.5521,3.77777777777778,4.55555555555555,50,2,2.1885,9.21838538200383,"Down",0.333333333333333,9.21838538200383
"145","Caged","1","1","7/6/23",16:40:00,"7/9/23",19:00:00,8.1,2,1,"Blue",34.219,25,32.301,5.5,3.07985257985258,0,0,1.918,5.60507320494462,"Up",0.714285714285714,5.60507320494462
"146","Caged","1","1","7/6/23",16:40:00,"7/9/23",19:00:00,8.1,2,2,"Blue",26.971,25,27.2283,5.5,3.07985257985258,0,0,-0.257300000000001,-0.953987616328652,"Up",0.714285714285714,1e-05
"147","Caged","1","1","7/6/23",16:40:00,"7/9/23",19:00:00,8.1,2,3,"Blue",21.073,25,21.1212,5.5,3.07985257985258,0,0,-0.0482000000000014,-0.22872870497794,"Up",0.714285714285714,1e-05
"148","Caged","1","1","7/6/23",16:40:00,"7/9/23",19:00:00,8.1,2,4,"Blue",22.513,25,22.5431,5.5,3.07985257985258,0,0,-0.0300999999999974,-0.133700528583473,"Up",0.714285714285714,1e-05
"149","Caged","1","1","7/6/23",16:40:00,"7/9/23",19:00:00,8.1,2,5,"Blue",27.6222,25,28.24,5.5,3.07985257985258,0,0,-0.617799999999999,-2.23660678729427,"Up",0.714285714285714,1e-05
"150","Caged","1","1","7/6/23",16:40:00,"7/9/23",19:00:00,8.1,2,6,"Blue",32.562,25,32.552,5.5,3.07985257985258,0,0,0.00999999999999801,0.0307106443093115,"Down",0.714285714285714,0.0307106443093115
"151","Caged","1","1","7/6/23",16:40:00,"7/9/23",19:00:00,8.1,2,7,"Blue",30.97,25,30.71,5.5,3.07985257985258,0,0,0.259999999999998,0.839522118178876,"Down",0.714285714285714,0.839522118178876
"152","Caged","1","1","7/6/23",16:40:00,"7/9/23",19:00:00,8.1,2,8,"Blue",25.374,25,23.0436,5.5,3.07985257985258,0,0,2.3304,9.18420430361787,"Down",0.714285714285714,9.18420430361787
"153","Caged","1","1","7/6/23",16:40:00,"7/9/23",19:00:00,8.1,2,9,"Blue",34.137,25,33.4571,5.5,3.07985257985258,0,0,0.679900000000004,1.99168058118758,"Down",0.714285714285714,1.99168058118758
"154","Caged","1","1","7/6/23",16:40:00,"7/9/23",19:00:00,8.1,2,10,"Blue",30.925,25,29.8675,5.5,3.07985257985258,0,0,1.0575,3.41956345998383,"Down",0.714285714285714,3.41956345998383
"155","Caged","1","1","7/6/23",16:40:00,"7/9/23",19:00:00,8.1,2,11,"Blue",21.253,25,20.3353,5.5,3.07985257985258,0,0,0.9177,4.31797863830989,"Down",0.714285714285714,4.31797863830989
"156","Caged","1","1","7/6/23",16:40:00,"7/9/23",19:00:00,8.1,2,12,"Blue",22.875,25,19.5989,5.5,3.07985257985258,0,0,3.2761,14.3217486338798,"Down",0.714285714285714,14.3217486338798
"157","Caged","10","1","8/17/23",NA,"8/20/23",16:00:00,NA,2,1,"Blue",18.474,NA,9.3331,5.5,3.08333333333333,0,0,9.1409,49.4798094619465,"Up",0.714285714285714,49.4798094619465
"158","Caged","10","1","8/17/23",NA,"8/20/23",16:00:00,NA,2,2,"Blue",22.2649,NA,19.4771,5.5,3.08333333333333,0,0,2.7878,12.5210533171045,"Up",0.714285714285714,12.5210533171045
"159","Caged","10","1","8/17/23",NA,"8/20/23",16:00:00,NA,2,3,"Blue",15.6652,NA,15.6489,5.5,3.08333333333333,0,0,0.0163000000000011,0.104052294257342,"Up",0.714285714285714,0.104052294257342
"160","Caged","10","1","8/17/23",NA,"8/20/23",16:00:00,NA,2,4,"Blue",32.1401,NA,14.5086,5.5,3.08333333333333,0,0,17.6315,54.8582611752919,"Up",0.714285714285714,54.8582611752919
"161","Caged","10","1","8/17/23",NA,"8/20/23",16:00:00,NA,2,5,"Blue",20.3284,NA,17.7461,5.5,3.08333333333333,0,0,2.5823,12.7029180850436,"Up",0.714285714285714,12.7029180850436
"162","Caged","10","1","8/17/23",NA,"8/20/23",16:00:00,NA,2,6,"Blue",17.2226,NA,17.7462,5.5,3.08333333333333,0,0,-0.523600000000002,-3.04019137644724,"Down",0.714285714285714,1e-05
"163","Caged","10","1","8/17/23",NA,"8/20/23",16:00:00,NA,2,7,"Blue",33.9121,NA,34.5538,5.5,3.08333333333333,0,0,-0.6417,-1.89224495091722,"Down",0.714285714285714,1e-05
"164","Caged","10","1","8/17/23",NA,"8/20/23",16:00:00,NA,2,8,"Blue",34.5359,NA,36.3353,5.5,3.08333333333333,0,0,-1.7994,-5.21023051375525,"Down",0.714285714285714,1e-05
"165","Caged","10","1","8/17/23",NA,"8/20/23",16:00:00,NA,2,9,"Blue",22.2983,NA,12.0944,5.5,3.08333333333333,0,0,10.2039,45.760887601297,"Down",0.714285714285714,45.760887601297
"166","Caged","10","1","8/17/23",NA,"8/20/23",16:00:00,NA,2,10,"Blue",14.1861,NA,14.7535,5.5,3.08333333333333,0,0,-0.567400000000001,-3.99968983723505,"Down",0.714285714285714,1e-05
"167","Caged","10","1","8/17/23",NA,"8/20/23",16:00:00,NA,2,11,"Blue",16.4176,NA,11.8329,5.5,3.08333333333333,0,0,4.5847,27.9255189552675,"Down",0.714285714285714,27.9255189552675
"168","Caged","10","1","8/17/23",NA,"8/20/23",16:00:00,NA,2,12,"Blue",14.7692,NA,15.1822,5.5,3.08333333333333,0,0,-0.413,-2.79635999241665,"Down",0.714285714285714,1e-05
"169","Caged","10","2","8/17/23",NA,"8/20/23",16:00:00,NA,3,1,"Green",21.6414,NA,10.6743,5.5,3.08333333333333,0,0,10.9671,50.6764811888325,"Up",0.714285714285714,50.6764811888325
"170","Caged","10","2","8/17/23",NA,"8/20/23",16:00:00,NA,3,2,"Green",27.8663,NA,20.8954,5.5,3.08333333333333,0,0,6.9709,25.0155205391459,"Up",0.714285714285714,25.0155205391459
"171","Caged","10","2","8/17/23",NA,"8/20/23",16:00:00,NA,3,3,"Green",16.4362,NA,16.1531,5.5,3.08333333333333,0,0,0.283100000000001,1.72241759044062,"Up",0.714285714285714,1.72241759044062
"172","Caged","10","2","8/17/23",NA,"8/20/23",16:00:00,NA,3,4,"Green",29.2031,NA,10.1594,5.5,3.08333333333333,0,0,19.0437,65.2112275751547,"Up",0.714285714285714,65.2112275751547
"173","Caged","10","2","8/17/23",NA,"8/20/23",16:00:00,NA,3,5,"Green",21.0904,NA,22.3691,5.5,3.08333333333333,0,0,-1.2787,-6.06294807116034,"Up",0.714285714285714,1e-05
"174","Caged","10","2","8/17/23",NA,"8/20/23",16:00:00,NA,3,6,"Green",25.7431,NA,26.4393,5.5,3.08333333333333,0,0,-0.696200000000001,-2.70441399831412,"Down",0.714285714285714,1e-05
"175","Caged","10","2","8/17/23",NA,"8/20/23",16:00:00,NA,3,7,"Green",13.0298,NA,13.5078,5.5,3.08333333333333,0,0,-0.478,-3.6685137147155,"Down",0.714285714285714,1e-05
"176","Caged","10","2","8/17/23",NA,"8/20/23",16:00:00,NA,3,8,"Green",10.68,NA,11.0589,5.5,3.08333333333333,0,0,-0.3789,-3.54775280898876,"Down",0.714285714285714,1e-05
"177","Caged","10","2","8/17/23",NA,"8/20/23",16:00:00,NA,3,9,"Green",17.5677,NA,17.6427,5.5,3.08333333333333,0,0,-0.0750000000000028,-0.426919858604159,"Down",0.714285714285714,1e-05
"178","Caged","10","2","8/17/23",NA,"8/20/23",16:00:00,NA,3,10,"Green",19.6547,NA,19.6153,5.5,3.08333333333333,0,0,0.039399999999997,0.200460958447582,"Down",0.714285714285714,0.200460958447582
"179","Caged","10","2","8/17/23",NA,"8/20/23",16:00:00,NA,3,11,"Green",24.2024,NA,24.5773,5.5,3.08333333333333,0,0,-0.3749,-1.54901993190758,"Down",0.714285714285714,1e-05
"180","Caged","10","2","8/17/23",NA,"8/20/23",16:00:00,NA,3,12,"Green",27.8713,NA,28.4204,5.5,3.08333333333333,0,0,-0.549099999999999,-1.97012697649553,"Down",0.714285714285714,1e-05
"181","Caged","3","1","7/14/23",16:00:00,"7/17/23",18:15:00,8.5,4,1,"Black",17.4926,20,17.8985,5.5,3.08333333333333,0,0,-0.405899999999999,-2.32040977327555,"Up",0.714285714285714,1e-05
"182","Caged","3","1","7/14/23",16:00:00,"7/17/23",18:15:00,8.5,4,2,"Black",18.5584,20,16.7595,5.5,3.08333333333333,0,0,1.7989,9.69318475730666,"Up",0.714285714285714,9.69318475730666
"183","Caged","3","1","7/14/23",16:00:00,"7/17/23",18:15:00,8.5,4,3,"Black",17.1731,20,17.5392,5.5,3.08333333333333,0,0,-0.366099999999999,-2.13182244323971,"Up",0.714285714285714,1e-05
"184","Caged","3","1","7/14/23",16:00:00,"7/17/23",18:15:00,8.5,4,4,"Black",16.1673,20,16.5121,5.5,3.08333333333333,0,0,-0.344799999999999,-2.13269995608419,"Up",0.714285714285714,1e-05
"185","Caged","3","1","7/14/23",16:00:00,"7/17/23",18:15:00,8.5,4,5,"Black",18.4747,20,9.5887,5.5,3.08333333333333,0,0,8.886,48.0982099844652,"Up",0.714285714285714,48.0982099844652
"186","Caged","3","1","7/14/23",16:00:00,"7/17/23",18:15:00,8.5,4,6,"Black",19.8698,20,13.5386,5.5,3.08333333333333,0,0,6.3312,31.8634309353894,"Down",0.714285714285714,31.8634309353894
"187","Caged","3","1","7/14/23",16:00:00,"7/17/23",18:15:00,8.5,4,7,"Black",18.6321,20,17.6649,5.5,3.08333333333333,0,0,0.967200000000002,5.19104126748999,"Down",0.714285714285714,5.19104126748999
"188","Caged","3","1","7/14/23",16:00:00,"7/17/23",18:15:00,8.5,4,8,"Black",14.2422,20,14.2809,5.5,3.08333333333333,0,0,-0.0387000000000004,-0.271727682520962,"Down",0.714285714285714,1e-05
"189","Caged","3","1","7/14/23",16:00:00,"7/17/23",18:15:00,8.5,4,9,"Black",15.4354,20,14.7982,5.5,3.08333333333333,0,0,0.6372,4.12817290125296,"Down",0.714285714285714,4.12817290125296
"190","Caged","3","1","7/14/23",16:00:00,"7/17/23",18:15:00,8.5,4,10,"Black",26.6086,20,26.6503,5.5,3.08333333333333,0,0,-0.0417000000000023,-0.156716249633586,"Down",0.714285714285714,1e-05
"191","Caged","3","1","7/14/23",16:00:00,"7/17/23",18:15:00,8.5,4,11,"Black",14.5379,20,12.5853,5.5,3.08333333333333,0,0,1.9526,13.4311007779666,"Down",0.714285714285714,13.4311007779666
"192","Caged","3","1","7/14/23",16:00:00,"7/17/23",18:15:00,8.5,4,12,"Black",16.7855,20,5.279,5.5,3.08333333333333,0,0,11.5065,68.5502368115338,"Down",0.714285714285714,68.5502368115338
"193","Caged","4","1","7/18/23",16:00:00,"7/21/23",18:00:00,11.2,1,1,"Red",26.0229,20,26.5669,5.5,3.08333333333333,0,0,-0.544,-2.09046647375965,"Up",0.714285714285714,1e-05
"194","Caged","4","1","7/18/23",16:00:00,"7/21/23",18:00:00,11.2,1,2,"Red",24.2942,20,20.5064,5.5,3.08333333333333,0,0,3.7878,15.5913757193075,"Up",0.714285714285714,15.5913757193075
"195","Caged","4","1","7/18/23",16:00:00,"7/21/23",18:00:00,11.2,1,3,"Red",25.4819,20,18.9093,5.5,3.08333333333333,0,0,6.5726,25.7932100824507,"Up",0.714285714285714,25.7932100824507
"196","Caged","4","1","7/18/23",16:00:00,"7/21/23",18:00:00,11.2,1,4,"Red",23.8624,20,13.5554,5.5,3.08333333333333,0,0,10.307,43.1934759286576,"Up",0.714285714285714,43.1934759286576
"197","Caged","4","1","7/18/23",16:00:00,"7/21/23",18:00:00,11.2,1,5,"Red",25.2988,20,22.1263,5.5,3.08333333333333,0,0,3.1725,12.5401204800228,"Up",0.714285714285714,12.5401204800228
"198","Caged","4","1","7/18/23",16:00:00,"7/21/23",18:00:00,11.2,1,6,"Red",21.7945,20,17.5442,5.5,3.08333333333333,0,0,4.2503,19.5017091468031,"Down",0.714285714285714,19.5017091468031
"199","Caged","4","1","7/18/23",16:00:00,"7/21/23",18:00:00,11.2,1,7,"Red",25.106,20,16.6138,5.5,3.08333333333333,0,0,8.4922,33.8253803871584,"Down",0.714285714285714,33.8253803871584
"200","Caged","4","1","7/18/23",16:00:00,"7/21/23",18:00:00,11.2,1,8,"Red",22.975,20,23.1986,5.5,3.08333333333333,0,0,-0.223599999999998,-0.973231773667019,"Down",0.714285714285714,1e-05
"201","Caged","4","1","7/18/23",16:00:00,"7/21/23",18:00:00,11.2,1,9,"Red",23.3224,20,21.4251,5.5,3.08333333333333,0,0,1.8973,8.13509758858436,"Down",0.714285714285714,8.13509758858436
"202","Caged","4","1","7/18/23",16:00:00,"7/21/23",18:00:00,11.2,1,10,"Red",19.8743,20,0,5.5,3.08333333333333,0,0,19.8743,100,"Down",0.714285714285714,100
"203","Caged","4","1","7/18/23",16:00:00,"7/21/23",18:00:00,11.2,1,11,"Red",22.6889,20,14.0498,5.5,3.08333333333333,0,0,8.6391,38.0763280723173,"Down",0.714285714285714,38.0763280723173
"204","Caged","4","1","7/18/23",16:00:00,"7/21/23",18:00:00,11.2,1,12,"Red",22.0294,20,13.866,5.5,3.08333333333333,0,0,8.1634,37.0568422199424,"Down",0.714285714285714,37.0568422199424
"205","Caged","5","1","7/22/23",12:00:00,"7/25/23",18:00:00,12.5,3,1,"Green",22.8467,20,11.2972,5.5,3.08333333333333,0,0,11.5495,50.5521585174226,"Up",0.714285714285714,50.5521585174226
"206","Caged","5","1","7/22/23",12:00:00,"7/25/23",18:00:00,12.5,3,2,"Green",22.6179,20,10.6505,5.5,3.08333333333333,0,0,11.9674,52.9111898098409,"Up",0.714285714285714,52.9111898098409
"207","Caged","5","1","7/22/23",12:00:00,"7/25/23",18:00:00,12.5,3,3,"Green",21.2882,20,18.7707,5.5,3.08333333333333,0,0,2.5175,11.8258002085662,"Up",0.714285714285714,11.8258002085662
"208","Caged","5","1","7/22/23",12:00:00,"7/25/23",18:00:00,12.5,3,4,"Green",17.9022,20,2.1547,5.5,3.08333333333333,0,0,15.7475,87.9640491112824,"Up",0.714285714285714,87.9640491112824
"209","Caged","5","1","7/22/23",12:00:00,"7/25/23",18:00:00,12.5,3,5,"Green",26.9799,20,15.3839,5.5,3.08333333333333,0,0,11.596,42.9801444779262,"Up",0.714285714285714,42.9801444779262
"210","Caged","5","1","7/22/23",12:00:00,"7/25/23",18:00:00,12.5,3,6,"Green",28.8022,20,19.2855,5.5,3.08333333333333,0,0,9.5167,33.0415732131573,"Down",0.714285714285714,33.0415732131573
"211","Caged","5","1","7/22/23",12:00:00,"7/25/23",18:00:00,12.5,3,7,"Green",25.5345,20,20.4894,5.5,3.08333333333333,0,0,5.0451,19.7579745050814,"Down",0.714285714285714,19.7579745050814
"212","Caged","5","1","7/22/23",12:00:00,"7/25/23",18:00:00,12.5,3,8,"Green",28.1168,20,21.1824,5.5,3.08333333333333,0,0,6.9344,24.6628350310135,"Down",0.714285714285714,24.6628350310135
"213","Caged","5","1","7/22/23",12:00:00,"7/25/23",18:00:00,12.5,3,9,"Green",25.0976,20,23.489,5.5,3.08333333333333,0,0,1.6086,6.40937778911131,"Down",0.714285714285714,6.40937778911131
"214","Caged","5","1","7/22/23",12:00:00,"7/25/23",18:00:00,12.5,3,10,"Green",24.6948,20,21.0075,5.5,3.08333333333333,0,0,3.6873,14.931483551193,"Down",0.714285714285714,14.931483551193
"215","Caged","5","1","7/22/23",12:00:00,"7/25/23",18:00:00,12.5,3,11,"Green",11.6672,20,2.6188,5.5,3.08333333333333,0,0,9.0484,77.5541689522765,"Down",0.714285714285714,77.5541689522765
"216","Caged","5","1","7/22/23",12:00:00,"7/25/23",18:00:00,12.5,3,12,"Green",22.75,20,18.4612,5.5,3.08333333333333,0,0,4.2888,18.8518681318681,"Down",0.714285714285714,18.8518681318681
"217","Caged","6","1","7/26/23",15:00:00,"7/29/23",17:21:00,12.6,2,1,"Blue",24.8434,20,19.5152,5.5,3.08333333333333,0,0,5.3282,21.4471449157523,"Up",0.714285714285714,21.4471449157523
"218","Caged","6","1","7/26/23",15:00:00,"7/29/23",17:21:00,12.6,2,2,"Blue",23.1486,20,17.8812,5.5,3.08333333333333,0,0,5.2674,22.7547238277909,"Up",0.714285714285714,22.7547238277909
"219","Caged","6","1","7/26/23",15:00:00,"7/29/23",17:21:00,12.6,2,3,"Blue",37.8875,20,37.463,5.5,3.08333333333333,0,0,0.424500000000002,1.12042230287034,"Up",0.714285714285714,1.12042230287034
"220","Caged","6","1","7/26/23",15:00:00,"7/29/23",17:21:00,12.6,2,4,"Blue",22.5815,20,19.2492,5.5,3.08333333333333,0,0,3.3323,14.7567699222815,"Up",0.714285714285714,14.7567699222815
"221","Caged","6","1","7/26/23",15:00:00,"7/29/23",17:21:00,12.6,2,5,"Blue",29.2549,20,26.5047,5.5,3.08333333333333,0,0,2.7502,9.40081832445163,"Up",0.714285714285714,9.40081832445163
"222","Caged","6","1","7/26/23",15:00:00,"7/29/23",17:21:00,12.6,2,6,"Blue",32.8265,20,32.1844,5.5,3.08333333333333,0,0,0.642100000000006,1.95604161272145,"Down",0.714285714285714,1.95604161272145
"223","Caged","6","1","7/26/23",15:00:00,"7/29/23",17:21:00,12.6,2,7,"Blue",41.2284,20,37.1938,5.5,3.08333333333333,0,0,4.0346,9.78597277604757,"Down",0.714285714285714,9.78597277604757
"224","Caged","6","1","7/26/23",15:00:00,"7/29/23",17:21:00,12.6,2,8,"Blue",23.9305,20,24.2111,5.5,3.08333333333333,0,0,-0.2806,-1.17256221140386,"Down",0.714285714285714,1e-05
"225","Caged","6","1","7/26/23",15:00:00,"7/29/23",17:21:00,12.6,2,9,"Blue",27.8862,20,26.6676,5.5,3.08333333333333,0,0,1.2186,4.36990339307614,"Down",0.714285714285714,4.36990339307614
"226","Caged","6","1","7/26/23",15:00:00,"7/29/23",17:21:00,12.6,2,10,"Blue",35.5142,20,33.8076,5.5,3.08333333333333,0,0,1.7066,4.8054017829488,"Down",0.714285714285714,4.8054017829488
"227","Caged","6","1","7/26/23",15:00:00,"7/29/23",17:21:00,12.6,2,11,"Blue",32.016,20,22.0515,5.5,3.08333333333333,0,0,9.9645,31.1235007496252,"Down",0.714285714285714,31.1235007496252
"228","Caged","6","1","7/26/23",15:00:00,"7/29/23",17:21:00,12.6,2,12,"Blue",30.2858,20,23.8533,5.5,3.08333333333333,0,0,6.4325,21.2393266811509,"Down",0.714285714285714,21.2393266811509
"229","Caged","6","2","7/26/23",15:00:00,"7/29/23",17:21:00,12.6,4,1,"Black",41.5054,20,36.18,5.5,3.08333333333333,0,0,5.3254,12.8306196302168,"Up",0.714285714285714,12.8306196302168
"230","Caged","6","2","7/26/23",15:00:00,"7/29/23",17:21:00,12.6,4,2,"Black",36.9898,20,33.2691,5.5,3.08333333333333,0,0,3.7207,10.0587188900724,"Up",0.714285714285714,10.0587188900724
"231","Caged","6","2","7/26/23",15:00:00,"7/29/23",17:21:00,12.6,4,3,"Black",22.5358,20,18.4559,5.5,3.08333333333333,0,0,4.0799,18.1040832808243,"Up",0.714285714285714,18.1040832808243
"232","Caged","6","2","7/26/23",15:00:00,"7/29/23",17:21:00,12.6,4,4,"Black",43.1959,20,38.9373,5.5,3.08333333333333,0,0,4.2586,9.85880604409215,"Up",0.714285714285714,9.85880604409215
"233","Caged","6","2","7/26/23",15:00:00,"7/29/23",17:21:00,12.6,4,5,"Black",23.0423,20,21.348,5.5,3.08333333333333,0,0,1.6943,7.3529986155896,"Up",0.714285714285714,7.3529986155896
"234","Caged","6","2","7/26/23",15:00:00,"7/29/23",17:21:00,12.6,4,6,"Black",39.814,20,34.8697,5.5,3.08333333333333,0,0,4.9443,12.4184960064299,"Down",0.714285714285714,12.4184960064299
"235","Caged","6","2","7/26/23",15:00:00,"7/29/23",17:21:00,12.6,4,7,"Black",37.348,20,27.9856,5.5,3.08333333333333,0,0,9.3624,25.0680089964657,"Down",0.714285714285714,25.0680089964657
"236","Caged","6","2","7/26/23",15:00:00,"7/29/23",17:21:00,12.6,4,8,"Black",23.0654,20,19.2054,5.5,3.08333333333333,0,0,3.86,16.7350230214954,"Down",0.714285714285714,16.7350230214954
"237","Caged","6","2","7/26/23",15:00:00,"7/29/23",17:21:00,12.6,4,9,"Black",21.5648,20,20.6241,5.5,3.08333333333333,0,0,0.940700000000003,4.36220136518773,"Down",0.714285714285714,4.36220136518773
"238","Caged","6","2","7/26/23",15:00:00,"7/29/23",17:21:00,12.6,4,10,"Black",22.9612,20,21.3141,5.5,3.08333333333333,0,0,1.6471,7.1734055711374,"Down",0.714285714285714,7.1734055711374
"239","Caged","6","2","7/26/23",15:00:00,"7/29/23",17:21:00,12.6,4,11,"Black",19.3353,20,8.0188,5.5,3.08333333333333,0,0,11.3165,58.5276670131831,"Down",0.714285714285714,58.5276670131831
"240","Caged","6","2","7/26/23",15:00:00,"7/29/23",17:21:00,12.6,4,12,"Black",17.6868,20,13.7585,5.5,3.08333333333333,0,0,3.9283,22.2103489608069,"Down",0.714285714285714,22.2103489608069
"241","Caged","7","1","7/30/23",17:21:00,"8/2/23",17:21:00,12.1,1,1,"Red",32.6686,20,25.1204,5.5,3.08333333333333,0,0,7.5482,23.1053672333678,"Up",0.714285714285714,23.1053672333678
"242","Caged","7","1","7/30/23",17:21:00,"8/2/23",17:21:00,12.1,1,2,"Red",31.306,20,24.8331,5.5,3.08333333333333,0,0,6.4729,20.6762281990673,"Up",0.714285714285714,20.6762281990673
"243","Caged","7","1","7/30/23",17:21:00,"8/2/23",17:21:00,12.1,1,3,"Red",25.2446,20,11.6066,5.5,3.08333333333333,0,0,13.638,54.0234347147509,"Up",0.714285714285714,54.0234347147509
"244","Caged","7","1","7/30/23",17:21:00,"8/2/23",17:21:00,12.1,1,4,"Red",19.4795,20,12.1249,5.5,3.08333333333333,0,0,7.3546,37.7555892091686,"Up",0.714285714285714,37.7555892091686
"245","Caged","7","1","7/30/23",17:21:00,"8/2/23",17:21:00,12.1,1,5,"Red",24.9669,20,25.2348,5.5,3.08333333333333,0,0,-0.267900000000001,-1.0730206793795,"Up",0.714285714285714,1e-05
"246","Caged","7","1","7/30/23",17:21:00,"8/2/23",17:21:00,12.1,1,6,"Red",23.9522,20,13.9732,5.5,3.08333333333333,0,0,9.979,41.6621437696746,"Down",0.714285714285714,41.6621437696746
"247","Caged","7","1","7/30/23",17:21:00,"8/2/23",17:21:00,12.1,1,7,"Red",29.8438,20,28.5992,5.5,3.08333333333333,0,0,1.2446,4.17038044753015,"Down",0.714285714285714,4.17038044753015
"248","Caged","7","1","7/30/23",17:21:00,"8/2/23",17:21:00,12.1,1,8,"Red",24.8226,20,23.8062,5.5,3.08333333333333,0,0,1.0164,4.09465567668174,"Down",0.714285714285714,4.09465567668174
"249","Caged","7","1","7/30/23",17:21:00,"8/2/23",17:21:00,12.1,1,9,"Red",22.4193,20,15.4829,5.5,3.08333333333333,0,0,6.9364,30.9394138086381,"Down",0.714285714285714,30.9394138086381
"250","Caged","7","1","7/30/23",17:21:00,"8/2/23",17:21:00,12.1,1,10,"Red",22.8278,20,20.8426,5.5,3.08333333333333,0,0,1.9852,8.6964140215001,"Down",0.714285714285714,8.6964140215001
"251","Caged","7","1","7/30/23",17:21:00,"8/2/23",17:21:00,12.1,1,11,"Red",22.8372,20,22.2671,5.5,3.08333333333333,0,0,0.5701,2.49636557896765,"Down",0.714285714285714,2.49636557896765
"252","Caged","7","1","7/30/23",17:21:00,"8/2/23",17:21:00,12.1,1,12,"Red",24.1523,20,20.0902,5.5,3.08333333333333,0,0,4.0621,16.8186880752558,"Down",0.714285714285714,16.8186880752558
"253","Caged","7","2","7/30/23",17:21:00,"8/2/23",17:21:00,12.1,4,1,"Black",25.8172,20,24.9651,5.5,3.08333333333333,0,0,0.8521,3.30051283640364,"Up",0.714285714285714,3.30051283640364
"254","Caged","7","2","7/30/23",17:21:00,"8/2/23",17:21:00,12.1,4,2,"Black",27.88,20,18.796,5.5,3.08333333333333,0,0,9.084,32.5824964131994,"Up",0.714285714285714,32.5824964131994
"255","Caged","7","2","7/30/23",17:21:00,"8/2/23",17:21:00,12.1,4,3,"Black",25.1246,20,15.7407,5.5,3.08333333333333,0,0,9.3839,37.3494503395079,"Up",0.714285714285714,37.3494503395079
"256","Caged","7","2","7/30/23",17:21:00,"8/2/23",17:21:00,12.1,4,4,"Black",27.2722,20,25.2388,5.5,3.08333333333333,0,0,2.0334,7.45594414825353,"Up",0.714285714285714,7.45594414825353
"257","Caged","7","2","7/30/23",17:21:00,"8/2/23",17:21:00,12.1,4,5,"Black",26.4551,20,19.706,5.5,3.08333333333333,0,0,6.7491,25.5115270779547,"Up",0.714285714285714,25.5115270779547
"258","Caged","7","2","7/30/23",17:21:00,"8/2/23",17:21:00,12.1,4,6,"Black",23.5691,20,23.7415,5.5,3.08333333333333,0,0,-0.1724,-0.731466199388181,"Down",0.714285714285714,1e-05
"259","Caged","7","2","7/30/23",17:21:00,"8/2/23",17:21:00,12.1,4,7,"Black",28.514,20,27.4573,5.5,3.08333333333333,0,0,1.0567,3.70589885670197,"Down",0.714285714285714,3.70589885670197
"260","Caged","7","2","7/30/23",17:21:00,"8/2/23",17:21:00,12.1,4,8,"Black",25.8853,20,25.9599,5.5,3.08333333333333,0,0,-0.0746000000000002,-0.288194457858322,"Down",0.714285714285714,1e-05
"261","Caged","7","2","7/30/23",17:21:00,"8/2/23",17:21:00,12.1,4,9,"Black",29.6933,20,29.9539,5.5,3.08333333333333,0,0,-0.2606,-0.877639063357728,"Down",0.714285714285714,1e-05
"262","Caged","7","2","7/30/23",17:21:00,"8/2/23",17:21:00,12.1,4,10,"Black",24.2454,20,24.3702,5.5,3.08333333333333,0,0,-0.1248,-0.514736816055831,"Down",0.714285714285714,1e-05
"263","Caged","7","2","7/30/23",17:21:00,"8/2/23",17:21:00,12.1,4,11,"Black",26.843,20,24.0791,5.5,3.08333333333333,0,0,2.7639,10.29653913497,"Down",0.714285714285714,10.29653913497
"264","Caged","7","2","7/30/23",17:21:00,"8/2/23",17:21:00,12.1,4,12,"Black",27.866,20,27.7795,5.5,3.08333333333333,0,0,0.0865000000000009,0.31041412473983,"Down",0.714285714285714,0.31041412473983
"265","Caged","8","1","8/9/23",13:30:00,"8/13/23",17:00:00,NA,2,1,"Blue",19.8355,20,18.1686,5.5,3.08333333333333,0,0,1.6669,8.40361977262987,"Up",0.714285714285714,8.40361977262987
"266","Caged","8","1","8/9/23",13:30:00,"8/13/23",17:00:00,NA,2,2,"Blue",17.8713,20,0,5.5,3.08333333333333,0,0,17.8713,100,"Up",0.714285714285714,100
"267","Caged","8","1","8/9/23",13:30:00,"8/13/23",17:00:00,NA,2,3,"Blue",19.0691,20,5.0005,5.5,3.08333333333333,0,0,14.0686,73.7769480468402,"Up",0.714285714285714,73.7769480468402
"268","Caged","8","1","8/9/23",13:30:00,"8/13/23",17:00:00,NA,2,4,"Blue",24.4718,20,2.2584,5.5,3.08333333333333,0,0,22.2134,90.771418530717,"Up",0.714285714285714,90.771418530717
"269","Caged","8","1","8/9/23",13:30:00,"8/13/23",17:00:00,NA,2,5,"Blue",21.4653,20,19.5797,5.5,3.08333333333333,0,0,1.8856,8.78441018760511,"Up",0.714285714285714,8.78441018760511
"270","Caged","8","1","8/9/23",13:30:00,"8/13/23",17:00:00,NA,2,6,"Blue",19.8233,20,19.5956,5.5,3.08333333333333,0,0,0.227699999999999,1.1486483077994,"Down",0.714285714285714,1.1486483077994
"271","Caged","8","1","8/9/23",13:30:00,"8/13/23",17:00:00,NA,2,7,"Blue",22.316,20,22.0361,5.5,3.08333333333333,0,0,0.279899999999998,1.25425703531098,"Down",0.714285714285714,1.25425703531098
"272","Caged","8","1","8/9/23",13:30:00,"8/13/23",17:00:00,NA,2,8,"Blue",24.5343,20,23.45,5.5,3.08333333333333,0,0,1.0843,4.41952694798711,"Down",0.714285714285714,4.41952694798711
"273","Caged","8","1","8/9/23",13:30:00,"8/13/23",17:00:00,NA,2,9,"Blue",24.3953,20,23.4261,5.5,3.08333333333333,0,0,0.969199999999997,3.97289641857242,"Down",0.714285714285714,3.97289641857242
"274","Caged","8","1","8/9/23",13:30:00,"8/13/23",17:00:00,NA,2,10,"Blue",24.1164,20,10.8544,5.5,3.08333333333333,0,0,13.262,54.9916239571412,"Down",0.714285714285714,54.9916239571412
"275","Caged","8","1","8/9/23",13:30:00,"8/13/23",17:00:00,NA,2,11,"Blue",24.9151,20,24.2457,5.5,3.08333333333333,0,0,0.6694,2.68672411509486,"Down",0.714285714285714,2.68672411509486
"276","Caged","8","1","8/9/23",13:30:00,"8/13/23",17:00:00,NA,2,12,"Blue",24.7802,20,24.7663,5.5,3.08333333333333,0,0,0.0138999999999996,0.0560931711608445,"Down",0.714285714285714,0.0560931711608445
"277","Caged","8","2","8/9/23",13:30:00,"8/13/23",17:00:00,NA,3,1,"Green",22.092,20,4.4829,5.5,3.08333333333333,0,0,17.6091,79.7080391091798,"Up",0.714285714285714,79.7080391091798
"278","Caged","8","2","8/9/23",13:30:00,"8/13/23",17:00:00,NA,3,2,"Green",23.5572,20,6.4048,5.5,3.08333333333333,0,0,17.1524,72.8117093712326,"Up",0.714285714285714,72.8117093712326
"279","Caged","8","2","8/9/23",13:30:00,"8/13/23",17:00:00,NA,3,3,"Green",23.1615,20,19.7111,5.5,3.08333333333333,0,0,3.4504,14.8971353323403,"Up",0.714285714285714,14.8971353323403
"280","Caged","8","2","8/9/23",13:30:00,"8/13/23",17:00:00,NA,3,4,"Green",26.0256,20,24.001,5.5,3.08333333333333,0,0,2.0246,7.77926349440551,"Up",0.714285714285714,7.77926349440551
"281","Caged","8","2","8/9/23",13:30:00,"8/13/23",17:00:00,NA,3,5,"Green",25.3319,20,24.5052,5.5,3.08333333333333,0,0,0.826700000000002,3.26347411761456,"Up",0.714285714285714,3.26347411761456
"282","Caged","8","2","8/9/23",13:30:00,"8/13/23",17:00:00,NA,3,6,"Green",26.7622,20,26.7285,5.5,3.08333333333333,0,0,0.0336999999999996,0.125923877708109,"Down",0.714285714285714,0.125923877708109
"283","Caged","8","2","8/9/23",13:30:00,"8/13/23",17:00:00,NA,3,7,"Green",26.9204,20,26.0768,5.5,3.08333333333333,0,0,0.843600000000002,3.13368300619605,"Down",0.714285714285714,3.13368300619605
"284","Caged","8","2","8/9/23",13:30:00,"8/13/23",17:00:00,NA,3,8,"Green",28.0224,20,12.2797,5.5,3.08333333333333,0,0,15.7427,56.1789853831221,"Down",0.714285714285714,56.1789853831221
"285","Caged","8","2","8/9/23",13:30:00,"8/13/23",17:00:00,NA,3,9,"Green",27.9616,20,27.2502,5.5,3.08333333333333,0,0,0.711400000000001,2.544203479057,"Down",0.714285714285714,2.544203479057
"286","Caged","8","2","8/9/23",13:30:00,"8/13/23",17:00:00,NA,3,10,"Green",29.499,20,29.0115,5.5,3.08333333333333,0,0,0.487499999999997,1.65259839316586,"Down",0.714285714285714,1.65259839316586
"287","Caged","8","2","8/9/23",13:30:00,"8/13/23",17:00:00,NA,3,11,"Green",29.3397,20,29.1664,5.5,3.08333333333333,0,0,0.173300000000001,0.590667252903067,"Down",0.714285714285714,0.590667252903067
"288","Caged","8","2","8/9/23",13:30:00,"8/13/23",17:00:00,NA,3,12,"Green",31.5823,20,27.3646,5.5,3.08333333333333,0,0,4.2177,13.3546321832165,"Down",0.714285714285714,13.3546321832165
"289","Caged","9","1","8/13/23",14:00:00,"8/16/23",17:00:00,NA,1,1,"Red",14.0244,20,0.9416,5.5,3.08333333333333,0,0,13.0828,93.2859872793132,"Up",0.714285714285714,93.2859872793132
"290","Caged","9","1","8/13/23",14:00:00,"8/16/23",17:00:00,NA,1,2,"Red",12.1972,20,4.2822,5.5,3.08333333333333,0,0,7.915,64.8919424130128,"Up",0.714285714285714,64.8919424130128
"291","Caged","9","1","8/13/23",14:00:00,"8/16/23",17:00:00,NA,1,3,"Red",28.8273,20,26.244,5.5,3.08333333333333,0,0,2.5833,8.96129710378704,"Up",0.714285714285714,8.96129710378704
"292","Caged","9","1","8/13/23",14:00:00,"8/16/23",17:00:00,NA,1,4,"Red",23.2852,20,15.5352,5.5,3.08333333333333,0,0,7.75,33.2829436723756,"Up",0.714285714285714,33.2829436723756
"293","Caged","9","1","8/13/23",14:00:00,"8/16/23",17:00:00,NA,1,5,"Red",24.0313,20,9.7599,5.5,3.08333333333333,0,0,14.2714,59.3867164905769,"Up",0.714285714285714,59.3867164905769
"294","Caged","9","1","8/13/23",14:00:00,"8/16/23",17:00:00,NA,1,6,"Red",16.0733,20,15.6619,5.5,3.08333333333333,0,0,0.4114,2.55952417985106,"Down",0.714285714285714,2.55952417985106
"295","Caged","9","1","8/13/23",14:00:00,"8/16/23",17:00:00,NA,1,7,"Red",30.1018,20,29.8674,5.5,3.08333333333333,0,0,0.234400000000001,0.778690975290517,"Down",0.714285714285714,0.778690975290517
"296","Caged","9","1","8/13/23",14:00:00,"8/16/23",17:00:00,NA,1,8,"Red",37.225,20,36.1781,5.5,3.08333333333333,0,0,1.0469,2.81235728676965,"Down",0.714285714285714,2.81235728676965
"297","Caged","9","1","8/13/23",14:00:00,"8/16/23",17:00:00,NA,1,9,"Red",12.8475,20,0,5.5,3.08333333333333,0,0,12.8475,100,"Down",0.714285714285714,100
"298","Caged","9","1","8/13/23",14:00:00,"8/16/23",17:00:00,NA,1,10,"Red",32.0249,20,26.6718,5.5,3.08333333333333,0,0,5.3531,16.7154308054045,"Down",0.714285714285714,16.7154308054045
"299","Caged","9","1","8/13/23",14:00:00,"8/16/23",17:00:00,NA,1,11,"Red",12.7993,20,3.0448,5.5,3.08333333333333,0,0,9.7545,76.211199049948,"Down",0.714285714285714,76.211199049948
"300","Caged","9","1","8/13/23",14:00:00,"8/16/23",17:00:00,NA,1,12,"Red",35.7242,20,29.6244,5.5,3.08333333333333,0,0,6.0998,17.0747000632624,"Down",0.714285714285714,17.0747000632624
"301","Caged","9","2","8/13/23",14:00:00,"8/16/23",17:00:00,NA,3,1,"Green",14.0935,20,2.8562,5.5,3.08333333333333,0,0,11.2373,79.7339198921489,"Up",0.714285714285714,79.7339198921489
"302","Caged","9","2","8/13/23",14:00:00,"8/16/23",17:00:00,NA,3,2,"Green",11.4035,20,2.4511,5.5,3.08333333333333,0,0,8.9524,78.5057219274784,"Up",0.714285714285714,78.5057219274784
"303","Caged","9","2","8/13/23",14:00:00,"8/16/23",17:00:00,NA,3,3,"Green",24.7079,20,8.306,5.5,3.08333333333333,0,0,16.4019,66.3832215607154,"Up",0.714285714285714,66.3832215607154
"304","Caged","9","2","8/13/23",14:00:00,"8/16/23",17:00:00,NA,3,4,"Green",34.0362,20,29.5775,5.5,3.08333333333333,0,0,4.4587,13.0998760143612,"Up",0.714285714285714,13.0998760143612
"305","Caged","9","2","8/13/23",14:00:00,"8/16/23",17:00:00,NA,3,5,"Green",16.9306,20,16.4371,5.5,3.08333333333333,0,0,0.493499999999997,2.91484058450378,"Up",0.714285714285714,2.91484058450378
"306","Caged","9","2","8/13/23",14:00:00,"8/16/23",17:00:00,NA,3,6,"Green",32.4176,20,32.0161,5.5,3.08333333333333,0,0,0.401499999999999,1.23852475198657,"Down",0.714285714285714,1.23852475198657
"307","Caged","9","2","8/13/23",14:00:00,"8/16/23",17:00:00,NA,3,7,"Green",34.175,20,33.8498,5.5,3.08333333333333,0,0,0.325199999999995,0.951572787125078,"Down",0.714285714285714,0.951572787125078
"308","Caged","9","2","8/13/23",14:00:00,"8/16/23",17:00:00,NA,3,8,"Green",32.0792,20,31.2272,5.5,3.08333333333333,0,0,0.852,2.65592658171027,"Down",0.714285714285714,2.65592658171027
"309","Caged","9","2","8/13/23",14:00:00,"8/16/23",17:00:00,NA,3,9,"Green",31.067,20,29.4743,5.5,3.08333333333333,0,0,1.5927,5.12666173109731,"Down",0.714285714285714,5.12666173109731
"310","Caged","9","2","8/13/23",14:00:00,"8/16/23",17:00:00,NA,3,10,"Green",32.224,20,25.1254,5.5,3.08333333333333,0,0,7.0986,22.0289225422046,"Down",0.714285714285714,22.0289225422046
"311","Caged","9","2","8/13/23",14:00:00,"8/16/23",17:00:00,NA,3,11,"Green",30.7825,20,14.1638,5.5,3.08333333333333,0,0,16.6187,53.9874928936896,"Down",0.714285714285714,53.9874928936896
"312","Caged","9","2","8/13/23",14:00:00,"8/16/23",17:00:00,NA,3,12,"Green",24.0493,20,23.1697,5.5,3.08333333333333,0,0,0.8796,3.65748691230098,"Down",0.714285714285714,3.65748691230098
"313","Control","1","1","7/6/23",16:40:00,"7/9/23",19:00:00,8.1,1,1,"Red",19.066,25,19.0845,5.5,3.07635467980296,0,0,-0.0184999999999995,-0.0970313647330301,"Up",0.714285714285714,1e-05
"314","Control","1","1","7/6/23",16:40:00,"7/9/23",19:00:00,8.1,1,2,"Red",17.3,25,7.5472,5.5,3.07635467980296,0,0,9.7528,56.3745664739884,"Up",0.714285714285714,56.3745664739884
"315","Control","1","1","7/6/23",16:40:00,"7/9/23",19:00:00,8.1,1,3,"Red",19.742,25,14.843,5.5,3.07635467980296,0,0,4.899,24.8151149832844,"Up",0.714285714285714,24.8151149832844
"316","Control","1","1","7/6/23",16:40:00,"7/9/23",19:00:00,8.1,1,4,"Red",15.514,25,14.1708,5.5,3.07635467980296,0,0,1.3432,8.65798633492329,"Up",0.714285714285714,8.65798633492329
"317","Control","1","1","7/6/23",16:40:00,"7/9/23",19:00:00,8.1,1,5,"Red",21.686,25,25.2829,5.5,3.07635467980296,0,0,-3.5969,-16.5862768606474,"Up",0.714285714285714,1e-05
"318","Control","1","1","7/6/23",16:40:00,"7/9/23",19:00:00,8.1,1,6,"Red",27.31,25,28.1639,5.5,3.07635467980296,0,0,-0.853900000000003,-3.12669351885757,"Down",0.714285714285714,1e-05
"319","Control","1","1","7/6/23",16:40:00,"7/9/23",19:00:00,8.1,1,7,"Red",22.114,25,20.5419,5.5,3.07635467980296,0,0,1.5721,7.1090711766302,"Down",0.714285714285714,7.1090711766302
"320","Control","1","1","7/6/23",16:40:00,"7/9/23",19:00:00,8.1,1,8,"Red",16.302,25,15.0743,5.5,3.07635467980296,0,0,1.2277,7.53097779413569,"Down",0.714285714285714,7.53097779413569
"321","Control","1","1","7/6/23",16:40:00,"7/9/23",19:00:00,8.1,1,9,"Red",19.172,25,14.3112,5.5,3.07635467980296,0,0,4.8608,25.3536407260588,"Down",0.714285714285714,25.3536407260588
"322","Control","1","1","7/6/23",16:40:00,"7/9/23",19:00:00,8.1,1,10,"Red",20.274,25,16.5963,5.5,3.07635467980296,0,0,3.6777,18.1399822432672,"Down",0.714285714285714,18.1399822432672
"323","Control","1","1","7/6/23",16:40:00,"7/9/23",19:00:00,8.1,1,11,"Red",19.209,25,14.3115,5.5,3.07635467980296,0,0,4.8975,25.4958613150086,"Down",0.714285714285714,25.4958613150086
"324","Control","1","1","7/6/23",16:40:00,"7/9/23",19:00:00,8.1,1,12,"Red",13.079,25,7.6018,5.5,3.07635467980296,0,0,5.4772,41.8778194051533,"Down",0.714285714285714,41.8778194051533
"325","Control","10","1","8/17/23",NA,"8/20/23",16:00:00,NA,1,1,"Red",26.6964,NA,27.0919,5.5,3.08333333333333,0,0,-0.395499999999998,-1.48147315742946,"Up",0.714285714285714,1e-05
"326","Control","10","1","8/17/23",NA,"8/20/23",16:00:00,NA,1,2,"Red",28.5027,NA,28.8729,5.5,3.08333333333333,0,0,-0.3702,-1.29882432190635,"Up",0.714285714285714,1e-05
"327","Control","10","1","8/17/23",NA,"8/20/23",16:00:00,NA,1,3,"Red",23.4699,NA,13.2667,5.5,3.08333333333333,0,0,10.2032,43.4735554902236,"Up",0.714285714285714,43.4735554902236
"328","Control","10","1","8/17/23",NA,"8/20/23",16:00:00,NA,1,4,"Red",32.1354,NA,31.8067,5.5,3.08333333333333,0,0,0.328699999999998,1.02285952563216,"Up",0.714285714285714,1.02285952563216
"329","Control","10","1","8/17/23",NA,"8/20/23",16:00:00,NA,1,5,"Red",22.0091,NA,20.6215,5.5,3.08333333333333,0,0,1.3876,6.30466488861425,"Up",0.714285714285714,6.30466488861425
"330","Control","10","1","8/17/23",NA,"8/20/23",16:00:00,NA,1,6,"Red",19.7375,NA,19.3605,5.5,3.08333333333333,0,0,0.377000000000002,1.91006966434453,"Down",0.714285714285714,1.91006966434453
"331","Control","10","1","8/17/23",NA,"8/20/23",16:00:00,NA,1,7,"Red",18.1134,NA,6.0981,5.5,3.08333333333333,0,0,12.0153,66.333763953758,"Down",0.714285714285714,66.333763953758
"332","Control","10","1","8/17/23",NA,"8/20/23",16:00:00,NA,1,8,"Red",19.2493,NA,13.4771,5.5,3.08333333333333,0,0,5.7722,29.9865449652715,"Down",0.714285714285714,29.9865449652715
"333","Control","10","1","8/17/23",NA,"8/20/23",16:00:00,NA,1,9,"Red",40.0801,NA,35.4925,5.5,3.08333333333333,0,0,4.5876,11.4460792263492,"Down",0.714285714285714,11.4460792263492
"334","Control","10","1","8/17/23",NA,"8/20/23",16:00:00,NA,1,10,"Red",27.1401,NA,26.0478,5.5,3.08333333333333,0,0,1.0923,4.02467197983796,"Down",0.714285714285714,4.02467197983796
"335","Control","10","1","8/17/23",NA,"8/20/23",16:00:00,NA,1,11,"Red",24.8951,NA,11.3395,5.5,3.08333333333333,0,0,13.5556,54.4508758751722,"Down",0.714285714285714,54.4508758751722
"336","Control","10","1","8/17/23",NA,"8/20/23",16:00:00,NA,1,12,"Red",30.6846,NA,28.461,5.5,3.08333333333333,0,0,2.2236,7.2466318609335,"Down",0.714285714285714,7.2466318609335
"337","Control","10","2","8/17/23",NA,"8/20/23",16:00:00,NA,4,1,"Black",30.9424,NA,30.8302,5.5,3.08333333333333,0,0,0.112199999999998,0.362609235224152,"Up",0.714285714285714,0.362609235224152
"338","Control","10","2","8/17/23",NA,"8/20/23",16:00:00,NA,4,2,"Black",20.2763,NA,21.6132,5.5,3.08333333333333,0,0,-1.3369,-6.59341201303986,"Up",0.714285714285714,1e-05
"339","Control","10","2","8/17/23",NA,"8/20/23",16:00:00,NA,4,3,"Black",19.5805,NA,10.942,5.5,3.08333333333333,0,0,8.6385,44.1178723730242,"Up",0.714285714285714,44.1178723730242
"340","Control","10","2","8/17/23",NA,"8/20/23",16:00:00,NA,4,4,"Black",24.8563,NA,19.8575,5.5,3.08333333333333,0,0,4.9988,20.1107968603533,"Up",0.714285714285714,20.1107968603533
"341","Control","10","2","8/17/23",NA,"8/20/23",16:00:00,NA,4,5,"Black",14.7036,NA,11.6494,5.5,3.08333333333333,0,0,3.0542,20.7717837808428,"Up",0.714285714285714,20.7717837808428
"342","Control","10","2","8/17/23",NA,"8/20/23",16:00:00,NA,4,6,"Black",19.591,NA,19.5675,5.5,3.08333333333333,0,0,0.0235000000000021,0.119953039661079,"Down",0.714285714285714,0.119953039661079
"343","Control","10","2","8/17/23",NA,"8/20/23",16:00:00,NA,4,7,"Black",18.1569,NA,18.3256,5.5,3.08333333333333,0,0,-0.168700000000001,-0.929123363569779,"Down",0.714285714285714,1e-05
"344","Control","10","2","8/17/23",NA,"8/20/23",16:00:00,NA,4,8,"Black",9.7113,NA,7.1125,5.5,3.08333333333333,0,0,2.5988,26.7605778834965,"Down",0.714285714285714,26.7605778834965
"345","Control","10","2","8/17/23",NA,"8/20/23",16:00:00,NA,4,9,"Black",10.6603,NA,2.9501,5.5,3.08333333333333,0,0,7.7102,72.3262947571832,"Down",0.714285714285714,72.3262947571832
"346","Control","10","2","8/17/23",NA,"8/20/23",16:00:00,NA,4,10,"Black",13.3635,NA,10.9526,5.5,3.08333333333333,0,0,2.4109,18.0409323904666,"Down",0.714285714285714,18.0409323904666
"347","Control","10","2","8/17/23",NA,"8/20/23",16:00:00,NA,4,11,"Black",16.3874,NA,14.5016,5.5,3.08333333333333,0,0,1.8858,11.5076217093621,"Down",0.714285714285714,11.5076217093621
"348","Control","10","2","8/17/23",NA,"8/20/23",16:00:00,NA,4,12,"Black",20.7232,NA,8.6319,5.5,3.08333333333333,0,0,12.0913,58.3466839098209,"Down",0.714285714285714,58.3466839098209
"349","Control","3","1","7/14/23",16:00:00,"7/17/23",18:15:00,8.5,2,1,"Blue",30.2381,20,29.5711,5.5,3.08333333333333,0,0,0.666999999999998,2.2058264242793,"Up",0.714285714285714,2.2058264242793
"350","Control","3","1","7/14/23",16:00:00,"7/17/23",18:15:00,8.5,2,2,"Blue",28.1652,20,25.4126,5.5,3.08333333333333,0,0,2.7526,9.77305327141294,"Up",0.714285714285714,9.77305327141294
"351","Control","3","1","7/14/23",16:00:00,"7/17/23",18:15:00,8.5,2,3,"Blue",21.4774,20,13.9973,5.5,3.08333333333333,0,0,7.4801,34.8277724491791,"Up",0.714285714285714,34.8277724491791
"352","Control","3","1","7/14/23",16:00:00,"7/17/23",18:15:00,8.5,2,4,"Blue",19.0037,20,19.0306,5.5,3.08333333333333,0,0,-0.0269000000000013,-0.141551382099282,"Up",0.714285714285714,1e-05
"353","Control","3","1","7/14/23",16:00:00,"7/17/23",18:15:00,8.5,2,5,"Blue",19.877,20,16.1785,5.5,3.08333333333333,0,0,3.6985,18.6069326357096,"Up",0.714285714285714,18.6069326357096
"354","Control","3","1","7/14/23",16:00:00,"7/17/23",18:15:00,8.5,2,6,"Blue",17.1113,20,16.4954,5.5,3.08333333333333,0,0,0.6159,3.5993758510458,"Down",0.714285714285714,3.5993758510458
"355","Control","3","1","7/14/23",16:00:00,"7/17/23",18:15:00,8.5,2,7,"Blue",29.8349,20,28.7869,5.5,3.08333333333333,0,0,1.048,3.51266469805497,"Down",0.714285714285714,3.51266469805497
"356","Control","3","1","7/14/23",16:00:00,"7/17/23",18:15:00,8.5,2,8,"Blue",27.4189,20,27.2007,5.5,3.08333333333333,0,0,0.2182,0.795801436235588,"Down",0.714285714285714,0.795801436235588
"357","Control","3","1","7/14/23",16:00:00,"7/17/23",18:15:00,8.5,2,9,"Blue",28.5506,20,28.6481,5.5,3.08333333333333,0,0,-0.0975000000000001,-0.341498952736545,"Down",0.714285714285714,1e-05
"358","Control","3","1","7/14/23",16:00:00,"7/17/23",18:15:00,8.5,2,10,"Blue",26.23,20,21.9254,5.5,3.08333333333333,0,0,4.3046,16.4109797941289,"Down",0.714285714285714,16.4109797941289
"359","Control","3","1","7/14/23",16:00:00,"7/17/23",18:15:00,8.5,2,11,"Blue",31.2147,20,31.3846,5.5,3.08333333333333,0,0,-0.169899999999998,-0.544294835446115,"Down",0.714285714285714,1e-05
"360","Control","3","1","7/14/23",16:00:00,"7/17/23",18:15:00,8.5,2,12,"Blue",27.3602,20,22.5899,5.5,3.08333333333333,0,0,4.7703,17.4351795674008,"Down",0.714285714285714,17.4351795674008
"361","Control","4","1","7/18/23",16:00:00,"7/21/23",18:00:00,11.2,2,1,"Blue",23.0799,20,16.0144,5.5,3.08333333333333,0,0,7.0655,30.6132175616012,"Up",0.714285714285714,30.6132175616012
"362","Control","4","1","7/18/23",16:00:00,"7/21/23",18:00:00,11.2,2,2,"Blue",28.0026,20,20.1453,5.5,3.08333333333333,0,0,7.8573,28.0591802189797,"Up",0.714285714285714,28.0591802189797
"363","Control","4","1","7/18/23",16:00:00,"7/21/23",18:00:00,11.2,2,3,"Blue",25.4306,20,15.6762,5.5,3.08333333333333,0,0,9.7544,38.3569400643319,"Up",0.714285714285714,38.3569400643319
"364","Control","4","1","7/18/23",16:00:00,"7/21/23",18:00:00,11.2,2,4,"Blue",26.8023,20,19.4985,5.5,3.08333333333333,0,0,7.3038,27.2506463997493,"Up",0.714285714285714,27.2506463997493
"365","Control","4","1","7/18/23",16:00:00,"7/21/23",18:00:00,11.2,2,5,"Blue",28.6867,20,24.5844,5.5,3.08333333333333,0,0,4.1023,14.3003552168775,"Up",0.714285714285714,14.3003552168775
"366","Control","4","1","7/18/23",16:00:00,"7/21/23",18:00:00,11.2,2,6,"Blue",28.4647,20,27.0285,5.5,3.08333333333333,0,0,1.4362,5.04554764322125,"Down",0.714285714285714,5.04554764322125
"367","Control","4","1","7/18/23",16:00:00,"7/21/23",18:00:00,11.2,2,7,"Blue",27.7842,20,24.1623,5.5,3.08333333333333,0,0,3.6219,13.0358261170018,"Down",0.714285714285714,13.0358261170018
"368","Control","4","1","7/18/23",16:00:00,"7/21/23",18:00:00,11.2,2,8,"Blue",27.8632,20,26.9549,5.5,3.08333333333333,0,0,0.9083,3.25985529300296,"Down",0.714285714285714,3.25985529300296
"369","Control","4","1","7/18/23",16:00:00,"7/21/23",18:00:00,11.2,2,9,"Blue",28.2092,20,15.0761,5.5,3.08333333333333,0,0,13.1331,46.5560880847383,"Down",0.714285714285714,46.5560880847383
"370","Control","4","1","7/18/23",16:00:00,"7/21/23",18:00:00,11.2,2,10,"Blue",25.1843,20,23.4741,5.5,3.08333333333333,0,0,1.7102,6.79073867449165,"Down",0.714285714285714,6.79073867449165
"371","Control","4","1","7/18/23",16:00:00,"7/21/23",18:00:00,11.2,2,11,"Blue",26.5217,20,23.8005,5.5,3.08333333333333,0,0,2.7212,10.2602774331962,"Down",0.714285714285714,10.2602774331962
"372","Control","4","1","7/18/23",16:00:00,"7/21/23",18:00:00,11.2,2,12,"Blue",28.0604,20,17.618,5.5,3.08333333333333,0,0,10.4424,37.2140097789055,"Down",0.714285714285714,37.2140097789055
"373","Control","5","1","7/22/23",12:00:00,"7/25/23",18:00:00,12.5,4,1,"Black",28.3041,20,21.041,5.5,3.08333333333333,0,0,7.2631,25.6609466473055,"Up",0.714285714285714,25.6609466473055
"374","Control","5","1","7/22/23",12:00:00,"7/25/23",18:00:00,12.5,4,2,"Black",28.1357,20,13.7233,5.5,3.08333333333333,0,0,14.4124,51.2246007741055,"Up",0.714285714285714,51.2246007741055
"375","Control","5","1","7/22/23",12:00:00,"7/25/23",18:00:00,12.5,4,3,"Black",19.0211,20,12.2819,5.5,3.08333333333333,0,0,6.7392,35.4301275951443,"Up",0.714285714285714,35.4301275951443
"376","Control","5","1","7/22/23",12:00:00,"7/25/23",18:00:00,12.5,4,4,"Black",17.3384,20,13.5019,5.5,3.08333333333333,0,0,3.8365,22.1271858995063,"Up",0.714285714285714,22.1271858995063
"377","Control","5","1","7/22/23",12:00:00,"7/25/23",18:00:00,12.5,4,5,"Black",27.7443,20,21.6633,5.5,3.08333333333333,0,0,6.081,21.918015592392,"Up",0.714285714285714,21.918015592392
"378","Control","5","1","7/22/23",12:00:00,"7/25/23",18:00:00,12.5,4,6,"Black",27.2529,20,25.451,5.5,3.08333333333333,0,0,1.8019,6.61177342594733,"Down",0.714285714285714,6.61177342594733
"379","Control","5","1","7/22/23",12:00:00,"7/25/23",18:00:00,12.5,4,7,"Black",25.4219,20,14.3552,5.5,3.08333333333333,0,0,11.0667,43.5321514127583,"Down",0.714285714285714,43.5321514127583
"380","Control","5","1","7/22/23",12:00:00,"7/25/23",18:00:00,12.5,4,8,"Black",17.4323,20,9.9151,5.5,3.08333333333333,0,0,7.5172,43.1222500760083,"Down",0.714285714285714,43.1222500760083
"381","Control","5","1","7/22/23",12:00:00,"7/25/23",18:00:00,12.5,4,9,"Black",16.9626,20,9.2323,5.5,3.08333333333333,0,0,7.7303,45.5726126890925,"Down",0.714285714285714,45.5726126890925
"382","Control","5","1","7/22/23",12:00:00,"7/25/23",18:00:00,12.5,4,10,"Black",30.536,20,24.4659,5.5,3.08333333333333,0,0,6.0701,19.8785040607807,"Down",0.714285714285714,19.8785040607807
"383","Control","5","1","7/22/23",12:00:00,"7/25/23",18:00:00,12.5,4,11,"Black",16.4775,20,10.2698,5.5,3.08333333333333,0,0,6.2077,37.6737976027917,"Down",0.714285714285714,37.6737976027917
"384","Control","5","1","7/22/23",12:00:00,"7/25/23",18:00:00,12.5,4,12,"Black",15.1694,20,12.6945,5.5,3.08333333333333,0,0,2.4749,16.3150816775878,"Down",0.714285714285714,16.3150816775878
"385","Control","6","1","7/26/23",15:00:00,"7/29/23",17:21:00,12.6,3,1,"Green",23.8606,20,21.1643,5.5,3.08333333333333,0,0,2.6963,11.3002187706931,"Up",0.714285714285714,11.3002187706931
"386","Control","6","1","7/26/23",15:00:00,"7/29/23",17:21:00,12.6,3,2,"Green",27.4095,20,12.9858,5.5,3.08333333333333,0,0,14.4237,52.6229956766814,"Up",0.714285714285714,52.6229956766814
"387","Control","6","1","7/26/23",15:00:00,"7/29/23",17:21:00,12.6,3,3,"Green",28.591,20,24.8416,5.5,3.08333333333333,0,0,3.7494,13.1139169668777,"Up",0.714285714285714,13.1139169668777
"388","Control","6","1","7/26/23",15:00:00,"7/29/23",17:21:00,12.6,3,4,"Green",24.2482,20,18.7775,5.5,3.08333333333333,0,0,5.4707,22.561262279262,"Up",0.714285714285714,22.561262279262
"389","Control","6","1","7/26/23",15:00:00,"7/29/23",17:21:00,12.6,3,5,"Green",25.7626,20,21.2577,5.5,3.08333333333333,0,0,4.5049,17.4862009269251,"Up",0.714285714285714,17.4862009269251
"390","Control","6","1","7/26/23",15:00:00,"7/29/23",17:21:00,12.6,3,6,"Green",26.6904,20,25.1579,5.5,3.08333333333333,0,0,1.5325,5.74176482930192,"Down",0.714285714285714,5.74176482930192
"391","Control","6","1","7/26/23",15:00:00,"7/29/23",17:21:00,12.6,3,7,"Green",25.7385,20,22.7827,5.5,3.08333333333333,0,0,2.9558,11.483963711949,"Down",0.714285714285714,11.483963711949
"392","Control","6","1","7/26/23",15:00:00,"7/29/23",17:21:00,12.6,3,8,"Green",24.3719,20,24.1963,5.5,3.08333333333333,0,0,0.175599999999999,0.720501889471068,"Down",0.714285714285714,0.720501889471068
"393","Control","6","1","7/26/23",15:00:00,"7/29/23",17:21:00,12.6,3,9,"Green",30.2059,20,22.4259,5.5,3.08333333333333,0,0,7.78,25.7565574937347,"Down",0.714285714285714,25.7565574937347
"394","Control","6","1","7/26/23",15:00:00,"7/29/23",17:21:00,12.6,3,10,"Green",25.0418,20,25.0984,5.5,3.08333333333333,0,0,-0.0566000000000031,-0.226022091063754,"Down",0.714285714285714,1e-05
"395","Control","6","1","7/26/23",15:00:00,"7/29/23",17:21:00,12.6,3,11,"Green",29.8675,20,29.8843,5.5,3.08333333333333,0,0,-0.0167999999999999,-0.0562484305683433,"Down",0.714285714285714,1e-05
"396","Control","6","1","7/26/23",15:00:00,"7/29/23",17:21:00,12.6,3,12,"Green",22.97,20,10.0395,5.5,3.08333333333333,0,0,12.9305,56.2929908576404,"Down",0.714285714285714,56.2929908576404
"397","Control","7","1","7/30/23",17:21:00,"8/2/23",17:21:00,12.1,3,1,"Green",23.4804,20,19.7623,5.5,3.08333333333333,0,0,3.7181,15.834909115688,"Up",0.714285714285714,15.834909115688
"398","Control","7","1","7/30/23",17:21:00,"8/2/23",17:21:00,12.1,3,2,"Green",24.1474,20,22.1244,5.5,3.08333333333333,0,0,2.023,8.37771354265884,"Up",0.714285714285714,8.37771354265884
"399","Control","7","1","7/30/23",17:21:00,"8/2/23",17:21:00,12.1,3,3,"Green",20.7832,20,20.7456,5.5,3.08333333333333,0,0,0.0376000000000012,0.180915354709579,"Up",0.714285714285714,0.180915354709579
"400","Control","7","1","7/30/23",17:21:00,"8/2/23",17:21:00,12.1,3,4,"Green",21.0384,20,21.1452,5.5,3.08333333333333,0,0,-0.1068,-0.507643166780743,"Up",0.714285714285714,1e-05
"401","Control","7","1","7/30/23",17:21:00,"8/2/23",17:21:00,12.1,3,5,"Green",23.8187,20,19.7526,5.5,3.08333333333333,0,0,4.0661,17.0710408208676,"Up",0.714285714285714,17.0710408208676
"402","Control","7","1","7/30/23",17:21:00,"8/2/23",17:21:00,12.1,3,6,"Green",20.9433,20,17.7679,5.5,3.08333333333333,0,0,3.1754,15.1618894825553,"Down",0.714285714285714,15.1618894825553
"403","Control","7","1","7/30/23",17:21:00,"8/2/23",17:21:00,12.1,3,7,"Green",25.4347,20,23.7105,5.5,3.08333333333333,0,0,1.7242,6.77892799993709,"Down",0.714285714285714,6.77892799993709
"404","Control","7","1","7/30/23",17:21:00,"8/2/23",17:21:00,12.1,3,8,"Green",24.0047,20,24.0378,5.5,3.08333333333333,0,0,-0.033100000000001,-0.13788966327428,"Down",0.714285714285714,1e-05
"405","Control","7","1","7/30/23",17:21:00,"8/2/23",17:21:00,12.1,3,9,"Green",33.4013,20,32.8863,5.5,3.08333333333333,0,0,0.515000000000001,1.54185615529935,"Down",0.714285714285714,1.54185615529935
"406","Control","7","1","7/30/23",17:21:00,"8/2/23",17:21:00,12.1,3,10,"Green",22.4676,20,22.0871,5.5,3.08333333333333,0,0,0.380500000000001,1.69354982285603,"Down",0.714285714285714,1.69354982285603
"407","Control","7","1","7/30/23",17:21:00,"8/2/23",17:21:00,12.1,3,11,"Green",22.0501,20,20.6728,5.5,3.08333333333333,0,0,1.3773,6.24623017582688,"Down",0.714285714285714,6.24623017582688
"408","Control","7","1","7/30/23",17:21:00,"8/2/23",17:21:00,12.1,3,12,"Green",23.7065,20,23.587,5.5,3.08333333333333,0,0,0.119499999999999,0.504081159175748,"Down",0.714285714285714,0.504081159175748
"409","Control","8","1","8/9/23",13:30:00,"8/13/23",17:00:00,NA,4,1,"Black",19.2969,20,12.1537,5.5,3.08333333333333,0,0,7.1432,37.017344754857,"Up",0.714285714285714,37.017344754857
"410","Control","8","1","8/9/23",13:30:00,"8/13/23",17:00:00,NA,4,2,"Black",17.8698,20,12.8494,5.5,3.08333333333333,0,0,5.0204,28.0943267412058,"Up",0.714285714285714,28.0943267412058
"411","Control","8","1","8/9/23",13:30:00,"8/13/23",17:00:00,NA,4,3,"Black",19.0035,20,12.2537,5.5,3.08333333333333,0,0,6.7498,35.518720235746,"Up",0.714285714285714,35.518720235746
"412","Control","8","1","8/9/23",13:30:00,"8/13/23",17:00:00,NA,4,4,"Black",17.6088,20,12.3537,5.5,3.08333333333333,0,0,5.2551,29.8436009268093,"Up",0.714285714285714,29.8436009268093
"413","Control","8","1","8/9/23",13:30:00,"8/13/23",17:00:00,NA,4,5,"Black",21.8057,20,13.5262,5.5,3.08333333333333,0,0,8.2795,37.969430011419,"Up",0.714285714285714,37.969430011419
"414","Control","8","1","8/9/23",13:30:00,"8/13/23",17:00:00,NA,4,6,"Black",21.9423,20,16.9715,5.5,3.08333333333333,0,0,4.9708,22.6539606148854,"Down",0.714285714285714,22.6539606148854
"415","Control","8","1","8/9/23",13:30:00,"8/13/23",17:00:00,NA,4,7,"Black",20.6965,20,12.393,5.5,3.08333333333333,0,0,8.3035,40.1203101973764,"Down",0.714285714285714,40.1203101973764
"416","Control","8","1","8/9/23",13:30:00,"8/13/23",17:00:00,NA,4,8,"Black",24.2265,20,18.7919,5.5,3.08333333333333,0,0,5.4346,22.4324603223743,"Down",0.714285714285714,22.4324603223743
"417","Control","8","1","8/9/23",13:30:00,"8/13/23",17:00:00,NA,4,9,"Black",23.7478,20,23.0952,5.5,3.08333333333333,0,0,0.652600000000003,2.74804402934168,"Down",0.714285714285714,2.74804402934168
"418","Control","8","1","8/9/23",13:30:00,"8/13/23",17:00:00,NA,4,10,"Black",24.5889,20,7.4389,5.5,3.08333333333333,0,0,17.15,69.7469183249352,"Down",0.714285714285714,69.7469183249352
"419","Control","8","1","8/9/23",13:30:00,"8/13/23",17:00:00,NA,4,11,"Black",19.9382,20,15.2341,5.5,3.08333333333333,0,0,4.7041,23.5934036171771,"Down",0.714285714285714,23.5934036171771
"420","Control","8","1","8/9/23",13:30:00,"8/13/23",17:00:00,NA,4,12,"Black",20.4361,20,20.4116,5.5,3.08333333333333,0,0,0.0244999999999997,0.119885888207631,"Down",0.714285714285714,0.119885888207631
"421","Control","9","1","8/13/23",14:00:00,"8/16/23",17:00:00,NA,2,1,"Blue",27.7309,20,4.1949,5.5,3.08333333333333,0,0,23.536,84.8728313902542,"Up",0.714285714285714,84.8728313902542
"422","Control","9","1","8/13/23",14:00:00,"8/16/23",17:00:00,NA,2,2,"Blue",27.7874,20,5.9612,5.5,3.08333333333333,0,0,21.8262,78.5471112806524,"Up",0.714285714285714,78.5471112806524
"423","Control","9","1","8/13/23",14:00:00,"8/16/23",17:00:00,NA,2,3,"Blue",29.0288,20,17.3692,5.5,3.08333333333333,0,0,11.6596,40.1656286170975,"Up",0.714285714285714,40.1656286170975
"424","Control","9","1","8/13/23",14:00:00,"8/16/23",17:00:00,NA,2,4,"Blue",33.2951,20,22.2077,5.5,3.08333333333333,0,0,11.0874,33.3003955537001,"Up",0.714285714285714,33.3003955537001
"425","Control","9","1","8/13/23",14:00:00,"8/16/23",17:00:00,NA,2,5,"Blue",16.174,20,14.8026,5.5,3.08333333333333,0,0,1.3714,8.47904043526647,"Up",0.714285714285714,8.47904043526647
"426","Control","9","1","8/13/23",14:00:00,"8/16/23",17:00:00,NA,2,6,"Blue",18.8883,20,18.2238,5.5,3.08333333333333,0,0,0.6645,3.51805085687966,"Down",0.714285714285714,3.51805085687966
"427","Control","9","1","8/13/23",14:00:00,"8/16/23",17:00:00,NA,2,7,"Blue",22.0356,20,15.536,5.5,3.08333333333333,0,0,6.4996,29.4959066238269,"Down",0.714285714285714,29.4959066238269
"428","Control","9","1","8/13/23",14:00:00,"8/16/23",17:00:00,NA,2,8,"Blue",21.3069,20,6.4673,5.5,3.08333333333333,0,0,14.8396,69.6469218891533,"Down",0.714285714285714,69.6469218891533
"429","Control","9","1","8/13/23",14:00:00,"8/16/23",17:00:00,NA,2,9,"Blue",28.6914,20,26.5486,5.5,3.08333333333333,0,0,2.1428,7.46844002035453,"Down",0.714285714285714,7.46844002035453
"430","Control","9","1","8/13/23",14:00:00,"8/16/23",17:00:00,NA,2,10,"Blue",25.3895,20,23.2767,5.5,3.08333333333333,0,0,2.1128,8.32155024714941,"Down",0.714285714285714,8.32155024714941
"431","Control","9","1","8/13/23",14:00:00,"8/16/23",17:00:00,NA,2,11,"Blue",20.0596,20,18.7379,5.5,3.08333333333333,0,0,1.3217,6.58886518175836,"Down",0.714285714285714,6.58886518175836
"432","Control","9","1","8/13/23",14:00:00,"8/16/23",17:00:00,NA,2,12,"Blue",19.886,20,13.4128,5.5,3.08333333333333,0,0,6.4732,32.551543799658,"Down",0.714285714285714,32.551543799658
