Date_before,Time_before,Date_after,Time_after,Trial,Treatment,Trial_Temp,Rep_per_trial,Tank,Kelp_ID ,kelp color,Kelp_weight_before_g,length before cm,Kelp_weight_after_g,Kelp_grazed_pcntchange,Kelp_diff,Observer,Notes
7/1/23,15:45,7/3/23,14:00,Pilot,Caged_red,,,1,1,,20,,17.3,13.5,2.7,NS,
7/1/23,15:45,7/3/23,14:00,Pilot,Caged_red,,,1,2,,23,,21.2,7.826086957,1.8,NS,
7/1/23,15:45,7/3/23,14:00,Pilot,Caged_red,,,1,3,,18.7,,18.3,2.139037433,0.4,NS,
7/1/23,15:45,7/3/23,14:00,Pilot,Caged_red,,,1,4,,32.3,,30.1,6.811145511,2.2,NS,
7/1/23,15:45,7/3/23,14:00,Pilot,Caged_red,,,1,5,,34.5,,35.3,-2.31884058,-0.8,NS,
7/1/23,15:45,7/3/23,14:00,Pilot,Caged_red,,,1,6,,18.2,,18,1.098901099,0.2,NS,
7/1/23,15:45,7/3/23,14:00,Pilot,Caged_red,,,1,7,,36,,37,-2.777777778,-1,NS,
7/1/23,15:45,7/3/23,14:00,Pilot,Caged_red,,,1,8,,32.8,,33,-0.6097560976,-0.2,NS,
7/1/23,15:45,7/3/23,14:00,Pilot,Caged_red,,,1,9,,28.1,,33.1,-17.79359431,-5,NS,
7/1/23,15:45,7/3/23,14:00,Pilot,Caged_red,,,1,10,,30.9,,37.8,-22.33009709,-6.9,NS,
7/1/23,15:45,7/3/23,14:00,Pilot,Caged_red,,,1,11,,42.2,,43.7,-3.55450237,-1.5,NS,
7/1/23,15:45,7/3/23,14:00,Pilot,Caged_red,,,1,12,,23.3,,23.2,0.4291845494,0.1,NS,
7/6/23,16:40,7/9/23,19:00,1,Control,8.1,1,1,1,Red,19.066,25,19.0845,-0.09703136473,-0.0185,"NS, EB","1 red was placed in 6 red position and vice versa. I switched measurements - pay attention to photos, 1 and 6 swapped, I switched area measurements "
7/6/23,16:40,7/9/23,19:00,1,Control,8.1,1,1,2,Red,17.3,25,7.5472,56.37456647,9.7528,"NS, EB",
7/6/23,16:40,7/9/23,19:00,1,Control,8.1,1,1,3,Red,19.742,25,14.843,24.81511498,4.899,"NS, EB",
7/6/23,16:40,7/9/23,19:00,1,Control,8.1,1,1,4,Red,15.514,25,14.1708,8.657986335,1.3432,"NS, EB",
7/6/23,16:40,7/9/23,19:00,1,Control,8.1,1,1,5,Red,21.686,25,25.2829,-16.58627686,-3.5969,"NS, EB",
7/6/23,16:40,7/9/23,19:00,1,Control,8.1,1,1,6,Red,27.31,25,28.1639,-3.126693519,-0.8539,"NS, EB",
7/6/23,16:40,7/9/23,19:00,1,Control,8.1,1,1,7,Red,22.114,25,20.5419,7.109071177,1.5721,"NS, EB",
7/6/23,16:40,7/9/23,19:00,1,Control,8.1,1,1,8,Red,16.302,25,15.0743,7.530977794,1.2277,"NS, EB",
7/6/23,16:40,7/9/23,19:00,1,Control,8.1,1,1,9,Red,19.172,25,14.3112,25.35364073,4.8608,"NS, EB",
7/6/23,16:40,7/9/23,19:00,1,Control,8.1,1,1,10,Red,20.274,25,16.5963,18.13998224,3.6777,"NS, EB",
7/6/23,16:40,7/9/23,19:00,1,Control,8.1,1,1,11,Red,19.209,25,14.3115,25.49586132,4.8975,"NS, EB",
7/6/23,16:40,7/9/23,19:00,1,Control,8.1,1,1,12,Red,13.079,25,7.6018,41.87781941,5.4772,"NS, EB",
7/6/23,16:40,7/9/23,19:00,1,Caged,8.1,1,2,1,Blue,34.219,25,32.301,5.605073205,1.918,"NS, EB",
7/6/23,16:40,7/9/23,19:00,1,Caged,8.1,1,2,2,Blue,26.971,25,27.2283,-0.9539876163,-0.2573,"NS, EB",
7/6/23,16:40,7/9/23,19:00,1,Caged,8.1,1,2,3,Blue,21.073,25,21.1212,-0.228728705,-0.0482,"NS, EB",
7/6/23,16:40,7/9/23,19:00,1,Caged,8.1,1,2,4,Blue,22.513,25,22.5431,-0.1337005286,-0.0301,"NS, EB",
7/6/23,16:40,7/9/23,19:00,1,Caged,8.1,1,2,5,Blue,27.6222,25,28.24,-2.236606787,-0.6178,"NS, EB",
7/6/23,16:40,7/9/23,19:00,1,Caged,8.1,1,2,6,Blue,32.562,25,32.552,0.03071064431,0.01,"NS, EB",
7/6/23,16:40,7/9/23,19:00,1,Caged,8.1,1,2,7,Blue,30.97,25,30.71,0.8395221182,0.26,"NS, EB",
7/6/23,16:40,7/9/23,19:00,1,Caged,8.1,1,2,8,Blue,25.374,25,23.0436,9.184204304,2.3304,"NS, EB",
7/6/23,16:40,7/9/23,19:00,1,Caged,8.1,1,2,9,Blue,34.137,25,33.4571,1.991680581,0.6799,"NS, EB",
7/6/23,16:40,7/9/23,19:00,1,Caged,8.1,1,2,10,Blue,30.925,25,29.8675,3.41956346,1.0575,"NS, EB",
7/6/23,16:40,7/9/23,19:00,1,Caged,8.1,1,2,11,Blue,21.253,25,20.3353,4.317978638,0.9177,"NS, EB",
7/6/23,16:40,7/9/23,19:00,1,Caged,8.1,1,2,12,Blue,22.875,25,19.5989,14.32174863,3.2761,"NS, EB",
7/6/23,16:40,7/9/23,19:00,1,Active ,8.1,2,4,1,Black,33.195,25,28.2138,15.00587438,4.9812,"NS, EB",
7/6/23,16:40,7/9/23,19:00,1,Active ,8.1,2,4,2,Black,37.304,25,36.2919,2.713113875,1.0121,"NS, EB",
7/6/23,16:40,7/9/23,19:00,1,Active ,8.1,2,4,3,Black,34.378,25,33.2793,3.195939263,1.0987,"NS, EB",
7/6/23,16:40,7/9/23,19:00,1,Active ,8.1,2,4,4,Black,27.853,25,25.5714,8.191577209,2.2816,"NS, EB",
7/6/23,16:40,7/9/23,19:00,1,Active ,8.1,2,4,5,Black,25.05,25,23.6965,5.403193613,1.3535,"NS, EB",
7/6/23,16:40,7/9/23,19:00,1,Active ,8.1,2,4,6,Black,30.79,25,28.1752,8.492367652,2.6148,"NS, EB",
7/6/23,16:40,7/9/23,19:00,1,Active ,8.1,2,4,7,Black,26.911,25,26.2274,2.540225187,0.6836,"NS, EB",
7/6/23,16:40,7/9/23,19:00,1,Active ,8.1,2,4,8,Black,34.342,25,33.7382,1.75819696,0.6038,"NS, EB",
7/6/23,16:40,7/9/23,19:00,1,Active ,8.1,2,4,9,Black,33.5798,25,31.3653,6.594738504,2.2145,"NS, EB",
7/6/23,16:40,7/9/23,19:00,1,Active ,8.1,2,4,10,Black,29.92,25,29.3143,2.024398396,0.6057,"NS, EB",
7/6/23,16:40,7/9/23,19:00,1,Active ,8.1,2,4,11,Black,33.027,25,30.1691,8.65322312,2.8579,"NS, EB",
7/6/23,16:40,7/9/23,19:00,1,Active ,8.1,2,4,12,Black,28.0742,25,27.9679,0.3786394626,0.1063,"NS, EB",
7/6/23,16:40,7/9/23,19:00,1,Active ,8.1,1,3,1,Green,30.1553,25,29.0124,3.790046857,1.1429,"NS, EB",
7/6/23,16:40,7/9/23,19:00,1,Active ,8.1,1,3,2,Green,33.317,25,30.7432,7.725185341,2.5738,"NS, EB",
7/6/23,16:40,7/9/23,19:00,1,Active ,8.1,1,3,3,Green,29.017,25,26.6639,8.109384154,2.3531,"NS, EB",
7/6/23,16:40,7/9/23,19:00,1,Active ,8.1,1,3,4,Green,27.1208,25,27.3368,-0.7964366833,-0.216,"NS, EB",
7/6/23,16:40,7/9/23,19:00,1,Active ,8.1,1,3,5,Green,36.3071,25,36.3132,-0.01680112154,-0.0061,"NS, EB",
7/6/23,16:40,7/9/23,19:00,1,Active ,8.1,1,3,6,Green,23.1472,25,23.4637,-1.367336006,-0.3165,"NS, EB",
7/6/23,16:40,7/9/23,19:00,1,Active ,8.1,1,3,7,Green,27.176,25,27.5655,-1.433249926,-0.3895,"NS, EB",
7/6/23,16:40,7/9/23,19:00,1,Active ,8.1,1,3,8,Green,31.241,25,30.243,3.194520022,0.998,"NS, EB",
7/6/23,16:40,7/9/23,19:00,1,Active ,8.1,1,3,9,Green,26.8362,25,23.8563,11.10403112,2.9799,"NS, EB",
7/6/23,16:40,7/9/23,19:00,1,Active ,8.1,1,3,10,Green,32.027,25,30.6542,4.286383364,1.3728,"NS, EB",
7/6/23,16:40,7/9/23,19:00,1,Active ,8.1,1,3,11,Green,21.0691,25,20.6666,1.910380605,0.4025,"NS, EB",
7/6/23,16:40,7/9/23,19:00,1,Active ,8.1,1,3,12,Green,33.502,25,31.6504,5.526834219,1.8516,"NS, EB",
7/10/23,14:00,7/13/23,17:56,2,Active ,7.1,1,1,1,Red,43.3128,25,42.7846,1.219500933,0.5282,"NS, EB",
7/10/23,14:00,7/13/23,17:56,2,Active ,7.1,1,1,2,Red,36.6561,20,37.2638,-1.657841396,-0.6077,"NS, EB",
7/10/23,14:00,7/13/23,17:56,2,Active ,7.1,1,1,3,Red,34.5942,20,34.988,-1.138341109,-0.3938,"NS, EB",
7/10/23,14:00,7/13/23,17:56,2,Active ,7.1,1,1,4,Red,33.0326,20,33.308,-0.8337218384,-0.2754,"NS, EB",
7/10/23,14:00,7/13/23,17:56,2,Active ,7.1,1,1,5,Red,33.9285,20,34.2347,-0.9024861105,-0.3062,"NS, EB",
7/10/23,14:00,7/13/23,17:56,2,Active ,7.1,1,1,6,Red,28.4742,20,28.6617,-0.6584908443,-0.1875,"NS, EB",
7/10/23,14:00,7/13/23,17:56,2,Active ,7.1,1,1,7,Red,34.1038,20,34.5041,-1.173769492,-0.4003,"NS, EB",
7/10/23,14:00,7/13/23,17:56,2,Active ,7.1,1,1,8,Red,27.8811,20,28.6219,-2.656997034,-0.7408,"NS, EB",
7/10/23,14:00,7/13/23,17:56,2,Active ,7.1,1,1,9,Red,29.9659,20,30.3428,-1.257762991,-0.3769,"NS, EB",
7/10/23,14:00,7/13/23,17:56,2,Active ,7.1,1,1,10,Red,26.7097,20,27.6405,-3.484876281,-0.9308,"NS, EB",
7/10/23,14:00,7/13/23,17:56,2,Active ,7.1,1,1,11,Red,26.5111,20,27.8485,-5.044679398,-1.3374,"NS, EB",
7/10/23,14:00,7/13/23,17:56,2,Active ,7.1,1,1,12,Red,38.7446,20,38.9489,-0.5272992882,-0.2043,"NS, EB",
7/10/23,14:00,7/13/23,17:56,2,Active ,7.1,2,2,1,Blue,23.3486,20,23.8401,-2.105051266,-0.4915,"NS, EB",
7/10/23,14:00,7/13/23,17:56,2,Active ,7.1,2,2,2,Blue,22.56128,20,22.7845,-0.9893942188,-0.22322,"NS, EB",
7/10/23,14:00,7/13/23,17:56,2,Active ,7.1,2,2,3,Blue,23.0296,20,23.3088,-1.212352798,-0.2792,"NS, EB",
7/10/23,14:00,7/13/23,17:56,2,Active ,7.1,2,2,4,Blue,18.8294,20,19.1872,-1.900219869,-0.3578,"NS, EB",
7/10/23,14:00,7/13/23,17:56,2,Active ,7.1,2,2,5,Blue,22.7935,20,22.8271,-0.147410446,-0.0336,"NS, EB",
7/10/23,14:00,7/13/23,17:56,2,Active ,7.1,2,2,6,Blue,21.6486,20,21.7293,-0.3727723733,-0.0807,"NS, EB",
7/10/23,14:00,7/13/23,17:56,2,Active ,7.1,2,2,7,Blue,30.1706,20,30.7372,-1.87798718,-0.5666,"NS, EB",
7/10/23,14:00,7/13/23,17:56,2,Active ,7.1,2,2,8,Blue,22.4001,20,22.9208,-2.324543194,-0.5207,"NS, EB",
7/10/23,14:00,7/13/23,17:56,2,Active ,7.1,2,2,9,Blue,19.675,20,19.962,-1.458703939,-0.287,"NS, EB",
7/10/23,14:00,7/13/23,17:56,2,Active ,7.1,2,2,10,Blue,29.1759,20,29.4392,-0.902457165,-0.2633,"NS, EB",
7/10/23,14:00,7/13/23,17:56,2,Active ,7.1,2,2,11,Blue,27.396,20,27.3633,0.1193604906,0.0327,"NS, EB",
7/10/23,14:00,7/13/23,17:56,2,Active ,7.1,2,2,12,Blue,27.4912,20,27.6095,-0.4303195204,-0.1183,"NS, EB",
7/10/23,14:00,7/13/23,17:56,2,Caged,7.1,1,3,1,Green,21.4661,20,22.5126,-4.875128691,-1.0465,"NS, EB",
7/10/23,14:00,7/13/23,17:56,2,Caged,7.1,1,3,2,Green,20.9868,20,22.0879,-5.246631216,-1.1011,"NS, EB",
7/10/23,14:00,7/13/23,17:56,2,Caged,7.1,1,3,3,Green,22.1295,20,22.8391,-3.206579453,-0.7096,"NS, EB",
7/10/23,14:00,7/13/23,17:56,2,Caged,7.1,1,3,4,Green,22.4934,20,23.325,-3.697084478,-0.8316,"NS, EB",
7/10/23,14:00,7/13/23,17:56,2,Caged,7.1,1,3,5,Green,23.815,20,23.8522,-0.1562040731,-0.0372,"NS, EB",
7/10/23,14:00,7/13/23,17:56,2,Caged,7.1,1,3,6,Green,17.8429,20,18.0067,-0.9180122065,-0.1638,"NS, EB",
7/10/23,14:00,7/13/23,17:56,2,Caged,7.1,1,3,7,Green,34.886,20,35.2728,-1.108754228,-0.3868,"NS, EB",
7/10/23,14:00,7/13/23,17:56,2,Caged,7.1,1,3,8,Green,20.2883,20,21.4976,-5.960578264,-1.2093,"NS, EB",
7/10/23,14:00,7/13/23,17:56,2,Caged,7.1,1,3,9,Green,33.2806,20,33.5116,-0.6940980631,-0.231,"NS, EB",
7/10/23,14:00,7/13/23,17:56,2,Caged,7.1,1,3,10,Green,31.3777,20,31.5002,-0.3904046504,-0.1225,"NS, EB",
7/10/23,14:00,7/13/23,17:56,2,Caged,7.1,1,3,11,Green,15.5116,20,16.8192,-8.429820264,-1.3076,"NS, EB",
7/10/23,14:00,7/13/23,17:56,2,Caged,7.1,1,3,12,Green,22.5924,20,24.2367,-7.278111223,-1.6443,"NS, EB",
7/10/23,14:00,7/13/23,17:56,2,Control,7.1,1,4,1,Black,38.2109,20,38.3005,-0.2344880649,-0.0896,"NS, EB",
7/10/23,14:00,7/13/23,17:56,2,Control,7.1,1,4,2,Black,40.7824,20,40.7486,0.08287888893,0.0338,"NS, EB",
7/10/23,14:00,7/13/23,17:56,2,Control,7.1,1,4,3,Black,35.6849,20,35.8533,-0.4719082861,-0.1684,"NS, EB",
7/10/23,14:00,7/13/23,17:56,2,Control,7.1,1,4,4,Black,37.3317,20,37.9909,-1.765791539,-0.6592,"NS, EB",
7/10/23,14:00,7/13/23,17:56,2,Control,7.1,1,4,5,Black,33.5418,20,33.9486,-1.212815055,-0.4068,"NS, EB",
7/10/23,14:00,7/13/23,17:56,2,Control,7.1,1,4,6,Black,32.281,20,31.6723,1.885629318,0.6087,"NS, EB",
7/10/23,14:00,7/13/23,17:56,2,Control,7.1,1,4,7,Black,30.2272,20,30.648,-1.39212365,-0.4208,"NS, EB",
7/10/23,14:00,7/13/23,17:56,2,Control,7.1,1,4,8,Black,29.2557,20,29.7584,-1.718297631,-0.5027,"NS, EB",
7/10/23,14:00,7/13/23,17:56,2,Control,7.1,1,4,9,Black,27.3848,20,27.0351,1.276985773,0.3497,"NS, EB",
7/10/23,14:00,7/13/23,17:56,2,Control,7.1,1,4,10,Black,28.4258,20,29.0119,-2.061859297,-0.5861,"NS, EB",
7/10/23,14:00,7/13/23,17:56,2,Control,7.1,1,4,11,Black,23.4686,20,23.3058,0.6936928492,0.1628,"NS, EB",
7/10/23,14:00,7/13/23,17:56,2,Control,7.1,1,4,12,Black,17.601,20,15.6821,10.90222146,1.9189,"NS, EB",
7/14/23,16:00,7/17/23,18:15,3,Active ,8.5,1,1,1,Red,25.0091,20,22.7972,8.844380645,2.2119,,
7/14/23,16:00,7/17/23,18:15,3,Active ,8.5,1,1,2,Red,21.4214,20,21.9351,-2.39806922,-0.5137,,
7/14/23,16:00,7/17/23,18:15,3,Active ,8.5,1,1,3,Red,24.4553,20,24.4172,0.1557944495,0.0381,,
7/14/23,16:00,7/17/23,18:15,3,Active ,8.5,1,1,4,Red,23.9965,20,23.5604,1.817348363,0.4361,,
7/14/23,16:00,7/17/23,18:15,3,Active ,8.5,1,1,5,Red,24.2691,20,24.1841,0.3502396051,0.085,,
7/14/23,16:00,7/17/23,18:15,3,Active ,8.5,1,1,6,Red,21.1747,20,21.0462,0.6068562955,0.1285,,
7/14/23,16:00,7/17/23,18:15,3,Active ,8.5,1,1,7,Red,21.0855,20,18.6883,11.36895023,2.3972,,
7/14/23,16:00,7/17/23,18:15,3,Active ,8.5,1,1,8,Red,20.4671,20,19.6454,4.014735844,0.8217,,missing after photo
7/14/23,16:00,7/17/23,18:15,3,Active ,8.5,1,1,9,Red,28.5679,20,28.2645,1.062031161,0.3034,,
7/14/23,16:00,7/17/23,18:15,3,Active ,8.5,1,1,10,Red,27.3169,20,27.4073,-0.3309306693,-0.0904,,
7/14/23,16:00,7/17/23,18:15,3,Active ,8.5,1,1,11,Red,25.0397,20,25.3876,-1.389393643,-0.3479,,
7/14/23,16:00,7/17/23,18:15,3,Active ,8.5,1,1,12,Red,25.8127,20,20.7536,19.59926703,5.0591,,
7/14/23,16:00,7/17/23,18:15,3,Control,8.5,1,2,1,Blue,30.2381,20,29.5711,2.205826424,0.667,,
7/14/23,16:00,7/17/23,18:15,3,Control,8.5,1,2,2,Blue,28.1652,20,25.4126,9.773053271,2.7526,,
7/14/23,16:00,7/17/23,18:15,3,Control,8.5,1,2,3,Blue,21.4774,20,13.9973,34.82777245,7.4801,,
7/14/23,16:00,7/17/23,18:15,3,Control,8.5,1,2,4,Blue,19.0037,20,19.0306,-0.1415513821,-0.0269,,
7/14/23,16:00,7/17/23,18:15,3,Control,8.5,1,2,5,Blue,19.877,20,16.1785,18.60693264,3.6985,,
7/14/23,16:00,7/17/23,18:15,3,Control,8.5,1,2,6,Blue,17.1113,20,16.4954,3.599375851,0.6159,,
7/14/23,16:00,7/17/23,18:15,3,Control,8.5,1,2,7,Blue,29.8349,20,28.7869,3.512664698,1.048,,
7/14/23,16:00,7/17/23,18:15,3,Control,8.5,1,2,8,Blue,27.4189,20,27.2007,0.7958014362,0.2182,,
7/14/23,16:00,7/17/23,18:15,3,Control,8.5,1,2,9,Blue,28.5506,20,28.6481,-0.3414989527,-0.0975,,
7/14/23,16:00,7/17/23,18:15,3,Control,8.5,1,2,10,Blue,26.23,20,21.9254,16.41097979,4.3046,,
7/14/23,16:00,7/17/23,18:15,3,Control,8.5,1,2,11,Blue,31.2147,20,31.3846,-0.5442948354,-0.1699,,
7/14/23,16:00,7/17/23,18:15,3,Control,8.5,1,2,12,Blue,27.3602,20,22.5899,17.43517957,4.7703,,
7/14/23,16:00,7/17/23,18:15,3,Active ,8.5,2,3,1,Green,37.8773,20,34.6575,8.500605904,3.2198,,
7/14/23,16:00,7/17/23,18:15,3,Active ,8.5,2,3,2,Green,38.2048,20,38.2191,-0.03742985175,-0.0143,,
7/14/23,16:00,7/17/23,18:15,3,Active ,8.5,2,3,3,Green,31.1125,20,30.7217,1.256086782,0.3908,,
7/14/23,16:00,7/17/23,18:15,3,Active ,8.5,2,3,4,Green,30.6621,20,30.5226,0.4549590537,0.1395,,
7/14/23,16:00,7/17/23,18:15,3,Active ,8.5,2,3,5,Green,32.2208,20,31.5667,2.03005512,0.6541,,
7/14/23,16:00,7/17/23,18:15,3,Active ,8.5,2,3,6,Green,34.8155,20,34.8077,0.02240381439,0.0078,,
7/14/23,16:00,7/17/23,18:15,3,Active ,8.5,2,3,7,Green,28.6735,20,28.0075,2.322702147,0.666,,
7/14/23,16:00,7/17/23,18:15,3,Active ,8.5,2,3,8,Green,28.3357,20,27.5072,2.923873418,0.8285,,
7/14/23,16:00,7/17/23,18:15,3,Active ,8.5,2,3,9,Green,31.3798,20,24.1715,22.97114704,7.2083,,
7/14/23,16:00,7/17/23,18:15,3,Active ,8.5,2,3,10,Green,20.4313,20,19.8302,2.942054593,0.6011,,
7/14/23,16:00,7/17/23,18:15,3,Active ,8.5,2,3,11,Green,18.7075,20,17.1827,8.150741681,1.5248,,
7/14/23,16:00,7/17/23,18:15,3,Active ,8.5,2,3,12,Green,18.8145,20,14.3372,23.79707141,4.4773,,
7/14/23,16:00,7/17/23,18:15,3,Caged,8.5,1,4,1,Black,17.4926,20,17.8985,-2.320409773,-0.4059,,
7/14/23,16:00,7/17/23,18:15,3,Caged,8.5,1,4,2,Black,18.5584,20,16.7595,9.693184757,1.7989,,
7/14/23,16:00,7/17/23,18:15,3,Caged,8.5,1,4,3,Black,17.1731,20,17.5392,-2.131822443,-0.3661,,
7/14/23,16:00,7/17/23,18:15,3,Caged,8.5,1,4,4,Black,16.1673,20,16.5121,-2.132699956,-0.3448,,
7/14/23,16:00,7/17/23,18:15,3,Caged,8.5,1,4,5,Black,18.4747,20,9.5887,48.09820998,8.886,,
7/14/23,16:00,7/17/23,18:15,3,Caged,8.5,1,4,6,Black,19.8698,20,13.5386,31.86343094,6.3312,,
7/14/23,16:00,7/17/23,18:15,3,Caged,8.5,1,4,7,Black,18.6321,20,17.6649,5.191041267,0.9672,,
7/14/23,16:00,7/17/23,18:15,3,Caged,8.5,1,4,8,Black,14.2422,20,14.2809,-0.2717276825,-0.0387,,
7/14/23,16:00,7/17/23,18:15,3,Caged,8.5,1,4,9,Black,15.4354,20,14.7982,4.128172901,0.6372,,
7/14/23,16:00,7/17/23,18:15,3,Caged,8.5,1,4,10,Black,26.6086,20,26.6503,-0.1567162496,-0.0417,,
7/14/23,16:00,7/17/23,18:15,3,Caged,8.5,1,4,11,Black,14.5379,20,12.5853,13.43110078,1.9526,,
7/14/23,16:00,7/17/23,18:15,3,Caged,8.5,1,4,12,Black,16.7855,20,5.279,68.55023681,11.5065,,
7/18/23,16:00,7/21/23,18:00,4,Caged,11.2,1,1,1,Red,26.0229,20,26.5669,-2.090466474,-0.544,,
7/18/23,16:00,7/21/23,18:00,4,Caged,11.2,1,1,2,Red,24.2942,20,20.5064,15.59137572,3.7878,,"Red drift weight 1.7062, red pneumatocyst 2.2774"
7/18/23,16:00,7/21/23,18:00,4,Caged,11.2,1,1,3,Red,25.4819,20,18.9093,25.79321008,6.5726,,
7/18/23,16:00,7/21/23,18:00,4,Caged,11.2,1,1,4,Red,23.8624,20,13.5554,43.19347593,10.307,,
7/18/23,16:00,7/21/23,18:00,4,Caged,11.2,1,1,5,Red,25.2988,20,22.1263,12.54012048,3.1725,,
7/18/23,16:00,7/21/23,18:00,4,Caged,11.2,1,1,6,Red,21.7945,20,17.5442,19.50170915,4.2503,,"found in cline 4, detached from chain"
7/18/23,16:00,7/21/23,18:00,4,Caged,11.2,1,1,7,Red,25.106,20,16.6138,33.82538039,8.4922,,found in cline 6
7/18/23,16:00,7/21/23,18:00,4,Caged,11.2,1,1,8,Red,22.975,20,23.1986,-0.9732317737,-0.2236,,
7/18/23,16:00,7/21/23,18:00,4,Caged,11.2,1,1,9,Red,23.3224,20,21.4251,8.135097589,1.8973,,found in cline 8
7/18/23,16:00,7/21/23,18:00,4,Caged,11.2,1,1,10,Red,19.8743,20,0,100,19.8743,,no after kelp (empty chain)
7/18/23,16:00,7/21/23,18:00,4,Caged,11.2,1,1,11,Red,22.6889,20,14.0498,38.07632807,8.6391,,missing before picture
7/18/23,16:00,7/21/23,18:00,4,Caged,11.2,1,1,12,Red,22.0294,20,13.866,37.05684222,8.1634,,Drift found here - maybe from 10?
7/18/23,16:00,7/21/23,18:00,4,Control,11.2,1,2,1,Blue,23.0799,20,16.0144,30.61321756,7.0655,,in cline 2
7/18/23,16:00,7/21/23,18:00,4,Control,11.2,1,2,2,Blue,28.0026,20,20.1453,28.05918022,7.8573,,in cline 3
7/18/23,16:00,7/21/23,18:00,4,Control,11.2,1,2,3,Blue,25.4306,20,15.6762,38.35694006,9.7544,,"DRIFT 1.0688  (blue, not sure where from)"
7/18/23,16:00,7/21/23,18:00,4,Control,11.2,1,2,4,Blue,26.8023,20,19.4985,27.2506464,7.3038,,
7/18/23,16:00,7/21/23,18:00,4,Control,11.2,1,2,5,Blue,28.6867,20,24.5844,14.30035522,4.1023,,
7/18/23,16:00,7/21/23,18:00,4,Control,11.2,1,2,6,Blue,28.4647,20,27.0285,5.045547643,1.4362,,
7/18/23,16:00,7/21/23,18:00,4,Control,11.2,1,2,7,Blue,27.7842,20,24.1623,13.03582612,3.6219,,in cline 6
7/18/23,16:00,7/21/23,18:00,4,Control,11.2,1,2,8,Blue,27.8632,20,26.9549,3.259855293,0.9083,,
7/18/23,16:00,7/21/23,18:00,4,Control,11.2,1,2,9,Blue,28.2092,20,15.0761,46.55608808,13.1331,,in cline 8
7/18/23,16:00,7/21/23,18:00,4,Control,11.2,1,2,10,Blue,25.1843,20,23.4741,6.790738674,1.7102,,
7/18/23,16:00,7/21/23,18:00,4,Control,11.2,1,2,11,Blue,26.5217,20,23.8005,10.26027743,2.7212,,
7/18/23,16:00,7/21/23,18:00,4,Control,11.2,1,2,12,Blue,28.0604,20,17.618,37.21400978,10.4424,,
7/18/23,16:00,7/21/23,18:00,4,Active ,11.2,1,3,1,Green,33.1517,20,31.7275,4.296008953,1.4242,,
7/18/23,16:00,7/21/23,18:00,4,Active ,11.2,1,3,2,Green,33.2245,20,33.3732,-0.4475612876,-0.1487,,
7/18/23,16:00,7/21/23,18:00,4,Active ,11.2,1,3,3,Green,35.3252,20,36.0712,-2.111806869,-0.746,,
7/18/23,16:00,7/21/23,18:00,4,Active ,11.2,1,3,4,Green,32.9894,20,27.4117,16.90755212,5.5777,,
7/18/23,16:00,7/21/23,18:00,4,Active ,11.2,1,3,5,Green,31.6559,20,29.218,7.701250004,2.4379,,in cline 4
7/18/23,16:00,7/21/23,18:00,4,Active ,11.2,1,3,6,Green,34.4275,20,30.2569,12.11415293,4.1706,,
7/18/23,16:00,7/21/23,18:00,4,Active ,11.2,1,3,7,Green,30.7631,20,26.8011,12.87906615,3.962,,
7/18/23,16:00,7/21/23,18:00,4,Active ,11.2,1,3,8,Green,31.928,20,30.6132,4.118015535,1.3148,,
7/18/23,16:00,7/21/23,18:00,4,Active ,11.2,1,3,9,Green,23.8769,20,22.6492,5.141789763,1.2277,,
7/18/23,16:00,7/21/23,18:00,4,Active ,11.2,1,3,10,Green,25.0849,20,8.1148,67.65065836,16.9701,,at cline 11
7/18/23,16:00,7/21/23,18:00,4,Active ,11.2,1,3,11,Green,28.3561,20,28.3981,-0.1481162783,-0.042,,
7/18/23,16:00,7/21/23,18:00,4,Active ,11.2,1,3,12,Green,29.7173,20,25.8124,13.14015742,3.9049,,
7/18/23,16:00,7/21/23,18:00,4,Active ,11.2,2,4,1,Black,16.4688,20,17.9906,-9.240503255,-1.5218,,
7/18/23,16:00,7/21/23,18:00,4,Active ,11.2,2,4,2,Black,21.4065,20,22.3917,-4.602340411,-0.9852,,At cline 3
7/18/23,16:00,7/21/23,18:00,4,Active ,11.2,2,4,3,Black,23.8953,20,18.1128,24.19931953,5.7825,,At cline 4
7/18/23,16:00,7/21/23,18:00,4,Active ,11.2,2,4,4,Black,19.9045,20,16.3917,17.64827049,3.5128,,
7/18/23,16:00,7/21/23,18:00,4,Active ,11.2,2,4,5,Black,25.1658,20,20.1737,19.83684206,4.9921,,
7/18/23,16:00,7/21/23,18:00,4,Active ,11.2,2,4,6,Black,23.2461,20,23.1504,0.4116819596,0.0957,,
7/18/23,16:00,7/21/23,18:00,4,Active ,11.2,2,4,7,Black,26.0322,20,26.5341,-1.927996865,-0.5019,,
7/18/23,16:00,7/21/23,18:00,4,Active ,11.2,2,4,8,Black,24.1691,20,23.8736,1.222635514,0.2955,,
7/18/23,16:00,7/21/23,18:00,4,Active ,11.2,2,4,9,Black,25.0486,20,23.7009,5.380340618,1.3477,,
7/18/23,16:00,7/21/23,18:00,4,Active ,11.2,2,4,10,Black,28.1393,20,27.945,0.6904933669,0.1943,,
7/18/23,16:00,7/21/23,18:00,4,Active ,11.2,2,4,11,Black,31.4976,20,26.4016,16.17901046,5.096,,
7/18/23,16:00,7/21/23,18:00,4,Active ,11.2,2,4,12,Black,30.8838,20,20.1023,34.90988803,10.7815,,
7/22/23,12:00,7/25/23,18:00,5,Active ,12.5,1,1,1,Red,26.0121,20,16.7823,35.48271766,9.2298,,
7/22/23,12:00,7/25/23,18:00,5,Active ,12.5,1,1,2,Red,28.2287,20,18.1222,35.80221548,10.1065,,
7/22/23,12:00,7/25/23,18:00,5,Active ,12.5,1,1,3,Red,28.7822,20,19.8767,30.94099826,8.9055,,
7/22/23,12:00,7/25/23,18:00,5,Active ,12.5,1,1,4,Red,26.6704,20,25.6941,3.660612514,0.9763,,
7/22/23,12:00,7/25/23,18:00,5,Active ,12.5,1,1,5,Red,26.7093,20,24.2411,9.24097599,2.4682,,
7/22/23,12:00,7/25/23,18:00,5,Active ,12.5,1,1,6,Red,17.6178,20,10.7273,39.11101273,6.8905,,
7/22/23,12:00,7/25/23,18:00,5,Active ,12.5,1,1,7,Red,17.4689,20,13.1575,24.68043208,4.3114,,
7/22/23,12:00,7/25/23,18:00,5,Active ,12.5,1,1,8,Red,22.6169,20,19.6247,13.22992983,2.9922,,
7/22/23,12:00,7/25/23,18:00,5,Active ,12.5,1,1,9,Red,17.7394,20,14.4958,18.28472214,3.2436,,
7/22/23,12:00,7/25/23,18:00,5,Active ,12.5,1,1,10,Red,18.5813,20,6.6904,63.99390785,11.8909,,
7/22/23,12:00,7/25/23,18:00,5,Active ,12.5,1,1,11,Red,16.5387,20,15.2489,7.798678252,1.2898,,
7/22/23,12:00,7/25/23,18:00,5,Active ,12.5,1,1,12,Red,19.9204,20,18.2296,8.48778137,1.6908,,
7/22/23,12:00,7/25/23,18:00,5,Active ,12.5,2,2,1,Blue,24.1472,20,2.0429,91.53980586,22.1043,,
7/22/23,12:00,7/25/23,18:00,5,Active ,12.5,2,2,2,Blue,18.579,20,11.8657,36.13380699,6.7133,,
7/22/23,12:00,7/25/23,18:00,5,Active ,12.5,2,2,3,Blue,15.6407,20,6.1884,60.43399592,9.4523,,
7/22/23,12:00,7/25/23,18:00,5,Active ,12.5,2,2,4,Blue,16.5365,20,12.3355,25.40440843,4.201,,
7/22/23,12:00,7/25/23,18:00,5,Active ,12.5,2,2,5,Blue,28.4005,20,23.7132,16.5042869,4.6873,,
7/22/23,12:00,7/25/23,18:00,5,Active ,12.5,2,2,6,Blue,26.4874,20,11.3828,57.02560463,15.1046,,
7/22/23,12:00,7/25/23,18:00,5,Active ,12.5,2,2,7,Blue,19.2925,20,10.4573,45.79603473,8.8352,,
7/22/23,12:00,7/25/23,18:00,5,Active ,12.5,2,2,8,Blue,24.0792,20,23.5837,2.057792618,0.4955,,
7/22/23,12:00,7/25/23,18:00,5,Active ,12.5,2,2,9,Blue,24.4088,20,20.9892,14.00970142,3.4196,,
7/22/23,12:00,7/25/23,18:00,5,Active ,12.5,2,2,10,Blue,22.3603,20,19.8492,11.23017133,2.5111,,
7/22/23,12:00,7/25/23,18:00,5,Active ,12.5,2,2,11,Blue,20.3751,20,19.0396,6.554569057,1.3355,,
7/22/23,12:00,7/25/23,18:00,5,Active ,12.5,2,2,12,Blue,21.3613,20,15.9618,25.27701966,5.3995,,
7/22/23,12:00,7/25/23,18:00,5,Caged,12.5,1,3,1,Green,22.8467,20,11.2972,50.55215852,11.5495,,
7/22/23,12:00,7/25/23,18:00,5,Caged,12.5,1,3,2,Green,22.6179,20,10.6505,52.91118981,11.9674,,
7/22/23,12:00,7/25/23,18:00,5,Caged,12.5,1,3,3,Green,21.2882,20,18.7707,11.82580021,2.5175,,
7/22/23,12:00,7/25/23,18:00,5,Caged,12.5,1,3,4,Green,17.9022,20,2.1547,87.96404911,15.7475,,
7/22/23,12:00,7/25/23,18:00,5,Caged,12.5,1,3,5,Green,26.9799,20,15.3839,42.98014448,11.596,,
7/22/23,12:00,7/25/23,18:00,5,Caged,12.5,1,3,6,Green,28.8022,20,19.2855,33.04157321,9.5167,,
7/22/23,12:00,7/25/23,18:00,5,Caged,12.5,1,3,7,Green,25.5345,20,20.4894,19.75797451,5.0451,,
7/22/23,12:00,7/25/23,18:00,5,Caged,12.5,1,3,8,Green,28.1168,20,21.1824,24.66283503,6.9344,,
7/22/23,12:00,7/25/23,18:00,5,Caged,12.5,1,3,9,Green,25.0976,20,23.489,6.409377789,1.6086,,
7/22/23,12:00,7/25/23,18:00,5,Caged,12.5,1,3,10,Green,24.6948,20,21.0075,14.93148355,3.6873,,
7/22/23,12:00,7/25/23,18:00,5,Caged,12.5,1,3,11,Green,11.6672,20,2.6188,77.55416895,9.0484,,
7/22/23,12:00,7/25/23,18:00,5,Caged,12.5,1,3,12,Green,22.75,20,18.4612,18.85186813,4.2888,,
7/22/23,12:00,7/25/23,18:00,5,Control,12.5,1,4,1,Black,28.3041,20,21.041,25.66094665,7.2631,,
7/22/23,12:00,7/25/23,18:00,5,Control,12.5,1,4,2,Black,28.1357,20,13.7233,51.22460077,14.4124,,
7/22/23,12:00,7/25/23,18:00,5,Control,12.5,1,4,3,Black,19.0211,20,12.2819,35.4301276,6.7392,,
7/22/23,12:00,7/25/23,18:00,5,Control,12.5,1,4,4,Black,17.3384,20,13.5019,22.1271859,3.8365,,
7/22/23,12:00,7/25/23,18:00,5,Control,12.5,1,4,5,Black,27.7443,20,21.6633,21.91801559,6.081,,
7/22/23,12:00,7/25/23,18:00,5,Control,12.5,1,4,6,Black,27.2529,20,25.451,6.611773426,1.8019,,
7/22/23,12:00,7/25/23,18:00,5,Control,12.5,1,4,7,Black,25.4219,20,14.3552,43.53215141,11.0667,,
7/22/23,12:00,7/25/23,18:00,5,Control,12.5,1,4,8,Black,17.4323,20,9.9151,43.12225008,7.5172,,
7/22/23,12:00,7/25/23,18:00,5,Control,12.5,1,4,9,Black,16.9626,20,9.2323,45.57261269,7.7303,,
7/22/23,12:00,7/25/23,18:00,5,Control,12.5,1,4,10,Black,30.536,20,24.4659,19.87850406,6.0701,,
7/22/23,12:00,7/25/23,18:00,5,Control,12.5,1,4,11,Black,16.4775,20,10.2698,37.6737976,6.2077,,
7/22/23,12:00,7/25/23,18:00,5,Control,12.5,1,4,12,Black,15.1694,20,12.6945,16.31508168,2.4749,,
7/26/23,15:00,7/29/23,17:21,6,Active,12.6,1,1,1,Red,36.57,20,32.4729,11.20344545,4.0971,,
7/26/23,15:00,7/29/23,17:21,6,Active,12.6,1,1,2,Red,26.7636,20,17.7951,33.51006591,8.9685,,
7/26/23,15:00,7/29/23,17:21,6,Active,12.6,1,1,3,Red,34.0068,20,30.9715,8.925567828,3.0353,,
7/26/23,15:00,7/29/23,17:21,6,Active,12.6,1,1,4,Red,34.3936,20,34.2773,0.3381443059,0.1163,,
7/26/23,15:00,7/29/23,17:21,6,Active,12.6,1,1,5,Red,31.9556,20,31.11,2.646171563,0.8456,,
7/26/23,15:00,7/29/23,17:21,6,Active,12.6,1,1,6,Red,32.4835,20,27.3237,15.88437207,5.1598,,
7/26/23,15:00,7/29/23,17:21,6,Active,12.6,1,1,7,Red,33.1642,20,33.3104,-0.440836806,-0.1462,,
7/26/23,15:00,7/29/23,17:21,6,Active,12.6,1,1,8,Red,31.8796,20,28.7152,9.92609694,3.1644,,
7/26/23,15:00,7/29/23,17:21,6,Active,12.6,1,1,9,Red,30.4439,20,22.6894,25.47144091,7.7545,,
7/26/23,15:00,7/29/23,17:21,6,Active,12.6,1,1,10,Red,29.6836,20,27.0838,8.758371626,2.5998,,
7/26/23,15:00,7/29/23,17:21,6,Active,12.6,1,1,11,Red,28.5825,20,20.567,28.04338319,8.0155,,
7/26/23,15:00,7/29/23,17:21,6,Active,12.6,1,1,12,Red,30.7017,20,18.1255,40.96255256,12.5762,,
7/26/23,15:00,7/29/23,17:21,6,Caged,12.6,1,2,1,Blue,24.8434,20,19.5152,21.44714492,5.3282,,
7/26/23,15:00,7/29/23,17:21,6,Caged,12.6,1,2,2,Blue,23.1486,20,17.8812,22.75472383,5.2674,,
7/26/23,15:00,7/29/23,17:21,6,Caged,12.6,1,2,3,Blue,37.8875,20,37.463,1.120422303,0.4245,,
7/26/23,15:00,7/29/23,17:21,6,Caged,12.6,1,2,4,Blue,22.5815,20,19.2492,14.75676992,3.3323,,
7/26/23,15:00,7/29/23,17:21,6,Caged,12.6,1,2,5,Blue,29.2549,20,26.5047,9.400818324,2.7502,,
7/26/23,15:00,7/29/23,17:21,6,Caged,12.6,1,2,6,Blue,32.8265,20,32.1844,1.956041613,0.6421,,
7/26/23,15:00,7/29/23,17:21,6,Caged,12.6,1,2,7,Blue,41.2284,20,37.1938,9.785972776,4.0346,,
7/26/23,15:00,7/29/23,17:21,6,Caged,12.6,1,2,8,Blue,23.9305,20,24.2111,-1.172562211,-0.2806,,
7/26/23,15:00,7/29/23,17:21,6,Caged,12.6,1,2,9,Blue,27.8862,20,26.6676,4.369903393,1.2186,,
7/26/23,15:00,7/29/23,17:21,6,Caged,12.6,1,2,10,Blue,35.5142,20,33.8076,4.805401783,1.7066,,
7/26/23,15:00,7/29/23,17:21,6,Caged,12.6,1,2,11,Blue,32.016,20,22.0515,31.12350075,9.9645,,
7/26/23,15:00,7/29/23,17:21,6,Caged,12.6,1,2,12,Blue,30.2858,20,23.8533,21.23932668,6.4325,,
7/26/23,15:00,7/29/23,17:21,6,Control,12.6,1,3,1,Green,23.8606,20,21.1643,11.30021877,2.6963,,
7/26/23,15:00,7/29/23,17:21,6,Control,12.6,1,3,2,Green,27.4095,20,12.9858,52.62299568,14.4237,,
7/26/23,15:00,7/29/23,17:21,6,Control,12.6,1,3,3,Green,28.591,20,24.8416,13.11391697,3.7494,,
7/26/23,15:00,7/29/23,17:21,6,Control,12.6,1,3,4,Green,24.2482,20,18.7775,22.56126228,5.4707,,
7/26/23,15:00,7/29/23,17:21,6,Control,12.6,1,3,5,Green,25.7626,20,21.2577,17.48620093,4.5049,,
7/26/23,15:00,7/29/23,17:21,6,Control,12.6,1,3,6,Green,26.6904,20,25.1579,5.741764829,1.5325,,
7/26/23,15:00,7/29/23,17:21,6,Control,12.6,1,3,7,Green,25.7385,20,22.7827,11.48396371,2.9558,,
7/26/23,15:00,7/29/23,17:21,6,Control,12.6,1,3,8,Green,24.3719,20,24.1963,0.7205018895,0.1756,,DRIFT: 0.9031
7/26/23,15:00,7/29/23,17:21,6,Control,12.6,1,3,9,Green,30.2059,20,22.4259,25.75655749,7.78,,
7/26/23,15:00,7/29/23,17:21,6,Control,12.6,1,3,10,Green,25.0418,20,25.0984,-0.2260220911,-0.0566,,
7/26/23,15:00,7/29/23,17:21,6,Control,12.6,1,3,11,Green,29.8675,20,29.8843,-0.05624843057,-0.0168,,
7/26/23,15:00,7/29/23,17:21,6,Control,12.6,1,3,12,Green,22.97,20,10.0395,56.29299086,12.9305,,
7/26/23,15:00,7/29/23,17:21,6,Caged,12.6,2,4,1,Black,41.5054,20,36.18,12.83061963,5.3254,,
7/26/23,15:00,7/29/23,17:21,6,Caged,12.6,2,4,2,Black,36.9898,20,33.2691,10.05871889,3.7207,,
7/26/23,15:00,7/29/23,17:21,6,Caged,12.6,2,4,3,Black,22.5358,20,18.4559,18.10408328,4.0799,,
7/26/23,15:00,7/29/23,17:21,6,Caged,12.6,2,4,4,Black,43.1959,20,38.9373,9.858806044,4.2586,,
7/26/23,15:00,7/29/23,17:21,6,Caged,12.6,2,4,5,Black,23.0423,20,21.348,7.352998616,1.6943,,
7/26/23,15:00,7/29/23,17:21,6,Caged,12.6,2,4,6,Black,39.814,20,34.8697,12.41849601,4.9443,,
7/26/23,15:00,7/29/23,17:21,6,Caged,12.6,2,4,7,Black,37.348,20,27.9856,25.068009,9.3624,,
7/26/23,15:00,7/29/23,17:21,6,Caged,12.6,2,4,8,Black,23.0654,20,19.2054,16.73502302,3.86,,
7/26/23,15:00,7/29/23,17:21,6,Caged,12.6,2,4,9,Black,21.5648,20,20.6241,4.362201365,0.9407,,
7/26/23,15:00,7/29/23,17:21,6,Caged,12.6,2,4,10,Black,22.9612,20,21.3141,7.173405571,1.6471,,
7/26/23,15:00,7/29/23,17:21,6,Caged,12.6,2,4,11,Black,19.3353,20,8.0188,58.52766701,11.3165,,
7/26/23,15:00,7/29/23,17:21,6,Caged,12.6,2,4,12,Black,17.6868,20,13.7585,22.21034896,3.9283,,
7/30/23,17:21,8/2/23,17:21,7,Caged,12.1,1,1,1,Red,32.6686,20,25.1204,23.10536723,7.5482,,
7/30/23,17:21,8/2/23,17:21,7,Caged,12.1,1,1,2,Red,31.306,20,24.8331,20.6762282,6.4729,,
7/30/23,17:21,8/2/23,17:21,7,Caged,12.1,1,1,3,Red,25.2446,20,11.6066,54.02343471,13.638,,
7/30/23,17:21,8/2/23,17:21,7,Caged,12.1,1,1,4,Red,19.4795,20,12.1249,37.75558921,7.3546,,
7/30/23,17:21,8/2/23,17:21,7,Caged,12.1,1,1,5,Red,24.9669,20,25.2348,-1.073020679,-0.2679,,
7/30/23,17:21,8/2/23,17:21,7,Caged,12.1,1,1,6,Red,23.9522,20,13.9732,41.66214377,9.979,,
7/30/23,17:21,8/2/23,17:21,7,Caged,12.1,1,1,7,Red,29.8438,20,28.5992,4.170380448,1.2446,,
7/30/23,17:21,8/2/23,17:21,7,Caged,12.1,1,1,8,Red,24.8226,20,23.8062,4.094655677,1.0164,,
7/30/23,17:21,8/2/23,17:21,7,Caged,12.1,1,1,9,Red,22.4193,20,15.4829,30.93941381,6.9364,,
7/30/23,17:21,8/2/23,17:21,7,Caged,12.1,1,1,10,Red,22.8278,20,20.8426,8.696414022,1.9852,,
7/30/23,17:21,8/2/23,17:21,7,Caged,12.1,1,1,11,Red,22.8372,20,22.2671,2.496365579,0.5701,,
7/30/23,17:21,8/2/23,17:21,7,Caged,12.1,1,1,12,Red,24.1523,20,20.0902,16.81868808,4.0621,,
7/30/23,17:21,8/2/23,17:21,7,Active,12.1,1,2,1,Blue,33.4603,20,26.8699,19.69617726,6.5904,,
7/30/23,17:21,8/2/23,17:21,7,Active,12.1,1,2,2,Blue,23.4634,20,22.9067,2.372631417,0.5567,,
7/30/23,17:21,8/2/23,17:21,7,Active,12.1,1,2,3,Blue,34.4078,20,13.6995,60.18489994,20.7083,,
7/30/23,17:21,8/2/23,17:21,7,Active,12.1,1,2,4,Blue,30.9665,20,22.6338,26.90875624,8.3327,,
7/30/23,17:21,8/2/23,17:21,7,Active,12.1,1,2,5,Blue,32.5604,20,28.5751,12.2397145,3.9853,,
7/30/23,17:21,8/2/23,17:21,7,Active,12.1,1,2,6,Blue,30.2009,20,27.7798,8.01664851,2.4211,,
7/30/23,17:21,8/2/23,17:21,7,Active,12.1,1,2,7,Blue,21.9688,20,18.446,16.03546848,3.5228,,
7/30/23,17:21,8/2/23,17:21,7,Active,12.1,1,2,8,Blue,18.085,20,17.7554,1.822504838,0.3296,,
7/30/23,17:21,8/2/23,17:21,7,Active,12.1,1,2,9,Blue,35.907,20,31.919,11.10646949,3.988,,
7/30/23,17:21,8/2/23,17:21,7,Active,12.1,1,2,10,Blue,34.371,20,26.809,22.00110558,7.562,,
7/30/23,17:21,8/2/23,17:21,7,Active,12.1,1,2,11,Blue,34.2204,20,31.5626,7.766712254,2.6578,,
7/30/23,17:21,8/2/23,17:21,7,Active,12.1,1,2,12,Blue,16.1698,20,13.5654,16.10656904,2.6044,,
7/30/23,17:21,8/2/23,17:21,7,Control,12.1,1,3,1,Green,23.4804,20,19.7623,15.83490912,3.7181,,
7/30/23,17:21,8/2/23,17:21,7,Control,12.1,1,3,2,Green,24.1474,20,22.1244,8.377713543,2.023,,
7/30/23,17:21,8/2/23,17:21,7,Control,12.1,1,3,3,Green,20.7832,20,20.7456,0.1809153547,0.0376,,
7/30/23,17:21,8/2/23,17:21,7,Control,12.1,1,3,4,Green,21.0384,20,21.1452,-0.5076431668,-0.1068,,
7/30/23,17:21,8/2/23,17:21,7,Control,12.1,1,3,5,Green,23.8187,20,19.7526,17.07104082,4.0661,,
7/30/23,17:21,8/2/23,17:21,7,Control,12.1,1,3,6,Green,20.9433,20,17.7679,15.16188948,3.1754,,
7/30/23,17:21,8/2/23,17:21,7,Control,12.1,1,3,7,Green,25.4347,20,23.7105,6.778928,1.7242,,
7/30/23,17:21,8/2/23,17:21,7,Control,12.1,1,3,8,Green,24.0047,20,24.0378,-0.1378896633,-0.0331,,
7/30/23,17:21,8/2/23,17:21,7,Control,12.1,1,3,9,Green,33.4013,20,32.8863,1.541856155,0.515,,
7/30/23,17:21,8/2/23,17:21,7,Control,12.1,1,3,10,Green,22.4676,20,22.0871,1.693549823,0.3805,,
7/30/23,17:21,8/2/23,17:21,7,Control,12.1,1,3,11,Green,22.0501,20,20.6728,6.246230176,1.3773,,
7/30/23,17:21,8/2/23,17:21,7,Control,12.1,1,3,12,Green,23.7065,20,23.587,0.5040811592,0.1195,,
7/30/23,17:21,8/2/23,17:21,7,Caged,12.1,2,4,1,Black,25.8172,20,24.9651,3.300512836,0.8521,,
7/30/23,17:21,8/2/23,17:21,7,Caged,12.1,2,4,2,Black,27.88,20,18.796,32.58249641,9.084,,
7/30/23,17:21,8/2/23,17:21,7,Caged,12.1,2,4,3,Black,25.1246,20,15.7407,37.34945034,9.3839,,
7/30/23,17:21,8/2/23,17:21,7,Caged,12.1,2,4,4,Black,27.2722,20,25.2388,7.455944148,2.0334,,
7/30/23,17:21,8/2/23,17:21,7,Caged,12.1,2,4,5,Black,26.4551,20,19.706,25.51152708,6.7491,,
7/30/23,17:21,8/2/23,17:21,7,Caged,12.1,2,4,6,Black,23.5691,20,23.7415,-0.7314661994,-0.1724,,
7/30/23,17:21,8/2/23,17:21,7,Caged,12.1,2,4,7,Black,28.514,20,27.4573,3.705898857,1.0567,,
7/30/23,17:21,8/2/23,17:21,7,Caged,12.1,2,4,8,Black,25.8853,20,25.9599,-0.2881944579,-0.0746,,
7/30/23,17:21,8/2/23,17:21,7,Caged,12.1,2,4,9,Black,29.6933,20,29.9539,-0.8776390634,-0.2606,,
7/30/23,17:21,8/2/23,17:21,7,Caged,12.1,2,4,10,Black,24.2454,20,24.3702,-0.5147368161,-0.1248,,
7/30/23,17:21,8/2/23,17:21,7,Caged,12.1,2,4,11,Black,26.843,20,24.0791,10.29653913,2.7639,,
7/30/23,17:21,8/2/23,17:21,7,Caged,12.1,2,4,12,Black,27.866,20,27.7795,0.3104141247,0.0865,,
8/9/23,13:30,8/13/23,17:00,8,Active,,1,1,1,Red,21.5772,20,21.0149,2.60599151,0.5623,,
8/9/23,13:30,8/13/23,17:00,8,Active,,1,1,2,Red,16.8889,20,15.5561,7.891573756,1.3328,,
8/9/23,13:30,8/13/23,17:00,8,Active,,1,1,3,Red,22.0331,20,21.6237,1.858113475,0.4094,,
8/9/23,13:30,8/13/23,17:00,8,Active,,1,1,4,Red,19.9987,20,18.6594,6.696935301,1.3393,,
8/9/23,13:30,8/13/23,17:00,8,Active,,1,1,5,Red,26.5517,20,22.609,14.84914337,3.9427,,
8/9/23,13:30,8/13/23,17:00,8,Active,,1,1,6,Red,24.1545,20,23.2536,3.7297398,0.9009,,
8/9/23,13:30,8/13/23,17:00,8,Active,,1,1,7,Red,22.6263,20,22.2762,1.547314408,0.3501,,
8/9/23,13:30,8/13/23,17:00,8,Active,,1,1,8,Red,27.3996,20,27.2934,0.3875968992,0.1062,,
8/9/23,13:30,8/13/23,17:00,8,Active,,1,1,9,Red,19.3054,20,19.4896,-0.9541371844,-0.1842,,
8/9/23,13:30,8/13/23,17:00,8,Active,,1,1,10,Red,26.3998,20,25.2579,4.325411556,1.1419,,
8/9/23,13:30,8/13/23,17:00,8,Active,,1,1,11,Red,32.3997,20,29.7159,8.283410032,2.6838,,
8/9/23,13:30,8/13/23,17:00,8,Active,,1,1,12,Red,18.8853,20,15.9675,15.45011199,2.9178,,
8/9/23,13:30,8/13/23,17:00,8,Caged ,,1,2,1,Blue,19.8355,20,18.1686,8.403619773,1.6669,,
8/9/23,13:30,8/13/23,17:00,8,Caged ,,1,2,2,Blue,17.8713,20,0,100,17.8713,,
8/9/23,13:30,8/13/23,17:00,8,Caged ,,1,2,3,Blue,19.0691,20,5.0005,73.77694805,14.0686,,
8/9/23,13:30,8/13/23,17:00,8,Caged ,,1,2,4,Blue,24.4718,20,2.2584,90.77141853,22.2134,,
8/9/23,13:30,8/13/23,17:00,8,Caged ,,1,2,5,Blue,21.4653,20,19.5797,8.784410188,1.8856,,
8/9/23,13:30,8/13/23,17:00,8,Caged ,,1,2,6,Blue,19.8233,20,19.5956,1.148648308,0.2277,,
8/9/23,13:30,8/13/23,17:00,8,Caged ,,1,2,7,Blue,22.316,20,22.0361,1.254257035,0.2799,,
8/9/23,13:30,8/13/23,17:00,8,Caged ,,1,2,8,Blue,24.5343,20,23.45,4.419526948,1.0843,,
8/9/23,13:30,8/13/23,17:00,8,Caged ,,1,2,9,Blue,24.3953,20,23.4261,3.972896419,0.9692,,
8/9/23,13:30,8/13/23,17:00,8,Caged ,,1,2,10,Blue,24.1164,20,10.8544,54.99162396,13.262,,
8/9/23,13:30,8/13/23,17:00,8,Caged ,,1,2,11,Blue,24.9151,20,24.2457,2.686724115,0.6694,,
8/9/23,13:30,8/13/23,17:00,8,Caged ,,1,2,12,Blue,24.7802,20,24.7663,0.05609317116,0.0139,,
8/9/23,13:30,8/13/23,17:00,8,Caged,,2,3,1,Green,22.092,20,4.4829,79.70803911,17.6091,,
8/9/23,13:30,8/13/23,17:00,8,Caged,,2,3,2,Green,23.5572,20,6.4048,72.81170937,17.1524,,
8/9/23,13:30,8/13/23,17:00,8,Caged,,2,3,3,Green,23.1615,20,19.7111,14.89713533,3.4504,,
8/9/23,13:30,8/13/23,17:00,8,Caged,,2,3,4,Green,26.0256,20,24.001,7.779263494,2.0246,,
8/9/23,13:30,8/13/23,17:00,8,Caged,,2,3,5,Green,25.3319,20,24.5052,3.263474118,0.8267,,
8/9/23,13:30,8/13/23,17:00,8,Caged,,2,3,6,Green,26.7622,20,26.7285,0.1259238777,0.0337,,
8/9/23,13:30,8/13/23,17:00,8,Caged,,2,3,7,Green,26.9204,20,26.0768,3.133683006,0.8436,,
8/9/23,13:30,8/13/23,17:00,8,Caged,,2,3,8,Green,28.0224,20,12.2797,56.17898538,15.7427,,
8/9/23,13:30,8/13/23,17:00,8,Caged,,2,3,9,Green,27.9616,20,27.2502,2.544203479,0.7114,,
8/9/23,13:30,8/13/23,17:00,8,Caged,,2,3,10,Green,29.499,20,29.0115,1.652598393,0.4875,,
8/9/23,13:30,8/13/23,17:00,8,Caged,,2,3,11,Green,29.3397,20,29.1664,0.5906672529,0.1733,,
8/9/23,13:30,8/13/23,17:00,8,Caged,,2,3,12,Green,31.5823,20,27.3646,13.35463218,4.2177,,
8/9/23,13:30,8/13/23,17:00,8,Control,,1,4,1,Black,19.2969,20,12.1537,37.01734475,7.1432,,
8/9/23,13:30,8/13/23,17:00,8,Control,,1,4,2,Black,17.8698,20,12.8494,28.09432674,5.0204,,
8/9/23,13:30,8/13/23,17:00,8,Control,,1,4,3,Black,19.0035,20,12.2537,35.51872024,6.7498,,
8/9/23,13:30,8/13/23,17:00,8,Control,,1,4,4,Black,17.6088,20,12.3537,29.84360093,5.2551,,
8/9/23,13:30,8/13/23,17:00,8,Control,,1,4,5,Black,21.8057,20,13.5262,37.96943001,8.2795,,
8/9/23,13:30,8/13/23,17:00,8,Control,,1,4,6,Black,21.9423,20,16.9715,22.65396061,4.9708,,
8/9/23,13:30,8/13/23,17:00,8,Control,,1,4,7,Black,20.6965,20,12.393,40.1203102,8.3035,,
8/9/23,13:30,8/13/23,17:00,8,Control,,1,4,8,Black,24.2265,20,18.7919,22.43246032,5.4346,,
8/9/23,13:30,8/13/23,17:00,8,Control,,1,4,9,Black,23.7478,20,23.0952,2.748044029,0.6526,,
8/9/23,13:30,8/13/23,17:00,8,Control,,1,4,10,Black,24.5889,20,7.4389,69.74691832,17.15,,
8/9/23,13:30,8/13/23,17:00,8,Control,,1,4,11,Black,19.9382,20,15.2341,23.59340362,4.7041,,
8/9/23,13:30,8/13/23,17:00,8,Control,,1,4,12,Black,20.4361,20,20.4116,0.1198858882,0.0245,,
8/13/23,14:00,8/16/23,17:00,9,Caged,,1,1,1,Red,14.0244,20,0.9416,93.28598728,13.0828,,
8/13/23,14:00,8/16/23,17:00,9,Caged,,1,1,2,Red,12.1972,20,4.2822,64.89194241,7.915,,
8/13/23,14:00,8/16/23,17:00,9,Caged,,1,1,3,Red,28.8273,20,26.244,8.961297104,2.5833,,
8/13/23,14:00,8/16/23,17:00,9,Caged,,1,1,4,Red,23.2852,20,15.5352,33.28294367,7.75,,
8/13/23,14:00,8/16/23,17:00,9,Caged,,1,1,5,Red,24.0313,20,9.7599,59.38671649,14.2714,,
8/13/23,14:00,8/16/23,17:00,9,Caged,,1,1,6,Red,16.0733,20,15.6619,2.55952418,0.4114,,
8/13/23,14:00,8/16/23,17:00,9,Caged,,1,1,7,Red,30.1018,20,29.8674,0.7786909753,0.2344,,
8/13/23,14:00,8/16/23,17:00,9,Caged,,1,1,8,Red,37.225,20,36.1781,2.812357287,1.0469,,
8/13/23,14:00,8/16/23,17:00,9,Caged,,1,1,9,Red,12.8475,20,0,100,12.8475,,
8/13/23,14:00,8/16/23,17:00,9,Caged,,1,1,10,Red,32.0249,20,26.6718,16.71543081,5.3531,,
8/13/23,14:00,8/16/23,17:00,9,Caged,,1,1,11,Red,12.7993,20,3.0448,76.21119905,9.7545,,
8/13/23,14:00,8/16/23,17:00,9,Caged,,1,1,12,Red,35.7242,20,29.6244,17.07470006,6.0998,,
8/13/23,14:00,8/16/23,17:00,9,Control,,1,2,1,Blue,27.7309,20,4.1949,84.87283139,23.536,,
8/13/23,14:00,8/16/23,17:00,9,Control,,1,2,2,Blue,27.7874,20,5.9612,78.54711128,21.8262,,
8/13/23,14:00,8/16/23,17:00,9,Control,,1,2,3,Blue,29.0288,20,17.3692,40.16562862,11.6596,,
8/13/23,14:00,8/16/23,17:00,9,Control,,1,2,4,Blue,33.2951,20,22.2077,33.30039555,11.0874,,
8/13/23,14:00,8/16/23,17:00,9,Control,,1,2,5,Blue,16.174,20,14.8026,8.479040435,1.3714,,
8/13/23,14:00,8/16/23,17:00,9,Control,,1,2,6,Blue,18.8883,20,18.2238,3.518050857,0.6645,,
8/13/23,14:00,8/16/23,17:00,9,Control,,1,2,7,Blue,22.0356,20,15.536,29.49590662,6.4996,,
8/13/23,14:00,8/16/23,17:00,9,Control,,1,2,8,Blue,21.3069,20,6.4673,69.64692189,14.8396,,
8/13/23,14:00,8/16/23,17:00,9,Control,,1,2,9,Blue,28.6914,20,26.5486,7.46844002,2.1428,,
8/13/23,14:00,8/16/23,17:00,9,Control,,1,2,10,Blue,25.3895,20,23.2767,8.321550247,2.1128,,
8/13/23,14:00,8/16/23,17:00,9,Control,,1,2,11,Blue,20.0596,20,18.7379,6.588865182,1.3217,,
8/13/23,14:00,8/16/23,17:00,9,Control,,1,2,12,Blue,19.886,20,13.4128,32.5515438,6.4732,,
8/13/23,14:00,8/16/23,17:00,9,Caged ,,2,3,1,Green,14.0935,20,2.8562,79.73391989,11.2373,,
8/13/23,14:00,8/16/23,17:00,9,Caged ,,2,3,2,Green,11.4035,20,2.4511,78.50572193,8.9524,,
8/13/23,14:00,8/16/23,17:00,9,Caged ,,2,3,3,Green,24.7079,20,8.306,66.38322156,16.4019,,
8/13/23,14:00,8/16/23,17:00,9,Caged ,,2,3,4,Green,34.0362,20,29.5775,13.09987601,4.4587,,
8/13/23,14:00,8/16/23,17:00,9,Caged ,,2,3,5,Green,16.9306,20,16.4371,2.914840585,0.4935,,
8/13/23,14:00,8/16/23,17:00,9,Caged ,,2,3,6,Green,32.4176,20,32.0161,1.238524752,0.4015,,
8/13/23,14:00,8/16/23,17:00,9,Caged ,,2,3,7,Green,34.175,20,33.8498,0.9515727871,0.3252,,
8/13/23,14:00,8/16/23,17:00,9,Caged ,,2,3,8,Green,32.0792,20,31.2272,2.655926582,0.852,,
8/13/23,14:00,8/16/23,17:00,9,Caged ,,2,3,9,Green,31.067,20,29.4743,5.126661731,1.5927,,
8/13/23,14:00,8/16/23,17:00,9,Caged ,,2,3,10,Green,32.224,20,25.1254,22.02892254,7.0986,,
8/13/23,14:00,8/16/23,17:00,9,Caged ,,2,3,11,Green,30.7825,20,14.1638,53.98749289,16.6187,,
8/13/23,14:00,8/16/23,17:00,9,Caged ,,2,3,12,Green,24.0493,20,23.1697,3.657486912,0.8796,,
8/13/23,14:00,8/16/23,17:00,9,Active,,1,4,1,Black,25.9625,20,17.58,32.28695234,8.3825,,
8/13/23,14:00,8/16/23,17:00,9,Active,,1,4,2,Black,22.6517,20,22.4895,0.7160610462,0.1622,,
8/13/23,14:00,8/16/23,17:00,9,Active,,1,4,3,Black,21.6555,20,19.9638,7.811872273,1.6917,,
8/13/23,14:00,8/16/23,17:00,9,Active,,1,4,4,Black,22.5779,20,7.5743,66.45259302,15.0036,,
8/13/23,14:00,8/16/23,17:00,9,Active,,1,4,5,Black,21.9679,20,9.5041,56.73641996,12.4638,,
8/13/23,14:00,8/16/23,17:00,9,Active,,1,4,6,Black,25.5237,20,24.4788,4.093842194,1.0449,,
8/13/23,14:00,8/16/23,17:00,9,Active,,1,4,7,Black,17.6136,20,15.4147,12.48410319,2.1989,,
8/13/23,14:00,8/16/23,17:00,9,Active,,1,4,8,Black,10.374,20,5.8203,43.89531521,4.5537,,
8/13/23,14:00,8/16/23,17:00,9,Active,,1,4,9,Black,11.9449,20,1.0417,91.27912331,10.9032,,
8/13/23,14:00,8/16/23,17:00,9,Active,,1,4,10,Black,23.8331,20,23.2372,2.500304199,0.5959,,
8/13/23,14:00,8/16/23,17:00,9,Active,,1,4,11,Black,25.6655,20,25.4102,0.9947205392,0.2553,,
8/13/23,14:00,8/16/23,17:00,9,Active,,1,4,12,Black,23.7406,20,21.5521,9.218385382,2.1885,,
8/17/23,,8/20/23,16:00,10,Control,,1,1,1,Red,26.6964,,27.0919,-1.481473157,-0.3955,,
8/17/23,,8/20/23,16:00,10,Control,,1,1,2,Red,28.5027,,28.8729,-1.298824322,-0.3702,,
8/17/23,,8/20/23,16:00,10,Control,,1,1,3,Red,23.4699,,13.2667,43.47355549,10.2032,,
8/17/23,,8/20/23,16:00,10,Control,,1,1,4,Red,32.1354,,31.8067,1.022859526,0.3287,,
8/17/23,,8/20/23,16:00,10,Control,,1,1,5,Red,22.0091,,20.6215,6.304664889,1.3876,,
8/17/23,,8/20/23,16:00,10,Control,,1,1,6,Red,19.7375,,19.3605,1.910069664,0.377,,
8/17/23,,8/20/23,16:00,10,Control,,1,1,7,Red,18.1134,,6.0981,66.33376395,12.0153,,
8/17/23,,8/20/23,16:00,10,Control,,1,1,8,Red,19.2493,,13.4771,29.98654497,5.7722,,
8/17/23,,8/20/23,16:00,10,Control,,1,1,9,Red,40.0801,,35.4925,11.44607923,4.5876,,
8/17/23,,8/20/23,16:00,10,Control,,1,1,10,Red,27.1401,,26.0478,4.02467198,1.0923,,
8/17/23,,8/20/23,16:00,10,Control,,1,1,11,Red,24.8951,,11.3395,54.45087588,13.5556,,
8/17/23,,8/20/23,16:00,10,Control,,1,1,12,Red,30.6846,,28.461,7.246631861,2.2236,,
8/17/23,,8/20/23,16:00,10,Caged,,1,2,1,Blue,18.474,,9.3331,49.47980946,9.1409,,
8/17/23,,8/20/23,16:00,10,Caged,,1,2,2,Blue,22.2649,,19.4771,12.52105332,2.7878,,
8/17/23,,8/20/23,16:00,10,Caged,,1,2,3,Blue,15.6652,,15.6489,0.1040522943,0.0163,,
8/17/23,,8/20/23,16:00,10,Caged,,1,2,4,Blue,32.1401,,14.5086,54.85826118,17.6315,,
8/17/23,,8/20/23,16:00,10,Caged,,1,2,5,Blue,20.3284,,17.7461,12.70291809,2.5823,,
8/17/23,,8/20/23,16:00,10,Caged,,1,2,6,Blue,17.2226,,17.7462,-3.040191376,-0.5236,,
8/17/23,,8/20/23,16:00,10,Caged,,1,2,7,Blue,33.9121,,34.5538,-1.892244951,-0.6417,,
8/17/23,,8/20/23,16:00,10,Caged,,1,2,8,Blue,34.5359,,36.3353,-5.210230514,-1.7994,,
8/17/23,,8/20/23,16:00,10,Caged,,1,2,9,Blue,22.2983,,12.0944,45.7608876,10.2039,,
8/17/23,,8/20/23,16:00,10,Caged,,1,2,10,Blue,14.1861,,14.7535,-3.999689837,-0.5674,,
8/17/23,,8/20/23,16:00,10,Caged,,1,2,11,Blue,16.4176,,11.8329,27.92551896,4.5847,,
8/17/23,,8/20/23,16:00,10,Caged,,1,2,12,Blue,14.7692,,15.1822,-2.796359992,-0.413,,
8/17/23,,8/20/23,16:00,10,Caged,,2,3,1,Green,21.6414,,10.6743,50.67648119,10.9671,,
8/17/23,,8/20/23,16:00,10,Caged,,2,3,2,Green,27.8663,,20.8954,25.01552054,6.9709,,
8/17/23,,8/20/23,16:00,10,Caged,,2,3,3,Green,16.4362,,16.1531,1.72241759,0.2831,,
8/17/23,,8/20/23,16:00,10,Caged,,2,3,4,Green,29.2031,,10.1594,65.21122758,19.0437,,
8/17/23,,8/20/23,16:00,10,Caged,,2,3,5,Green,21.0904,,22.3691,-6.062948071,-1.2787,,
8/17/23,,8/20/23,16:00,10,Caged,,2,3,6,Green,25.7431,,26.4393,-2.704413998,-0.6962,,
8/17/23,,8/20/23,16:00,10,Caged,,2,3,7,Green,13.0298,,13.5078,-3.668513715,-0.478,,
8/17/23,,8/20/23,16:00,10,Caged,,2,3,8,Green,10.68,,11.0589,-3.547752809,-0.3789,,
8/17/23,,8/20/23,16:00,10,Caged,,2,3,9,Green,17.5677,,17.6427,-0.4269198586,-0.075,,
8/17/23,,8/20/23,16:00,10,Caged,,2,3,10,Green,19.6547,,19.6153,0.2004609584,0.0394,,
8/17/23,,8/20/23,16:00,10,Caged,,2,3,11,Green,24.2024,,24.5773,-1.549019932,-0.3749,,
8/17/23,,8/20/23,16:00,10,Caged,,2,3,12,Green,27.8713,,28.4204,-1.970126976,-0.5491,,
8/17/23,,8/20/23,16:00,10,Control,,2,4,1,Black,30.9424,,30.8302,0.3626092352,0.1122,,
8/17/23,,8/20/23,16:00,10,Control,,2,4,2,Black,20.2763,,21.6132,-6.593412013,-1.3369,,
8/17/23,,8/20/23,16:00,10,Control,,2,4,3,Black,19.5805,,10.942,44.11787237,8.6385,,
8/17/23,,8/20/23,16:00,10,Control,,2,4,4,Black,24.8563,,19.8575,20.11079686,4.9988,,
8/17/23,,8/20/23,16:00,10,Control,,2,4,5,Black,14.7036,,11.6494,20.77178378,3.0542,,
8/17/23,,8/20/23,16:00,10,Control,,2,4,6,Black,19.591,,19.5675,0.1199530397,0.0235,,
8/17/23,,8/20/23,16:00,10,Control,,2,4,7,Black,18.1569,,18.3256,-0.9291233636,-0.1687,,
8/17/23,,8/20/23,16:00,10,Control,,2,4,8,Black,9.7113,,7.1125,26.76057788,2.5988,,
8/17/23,,8/20/23,16:00,10,Control,,2,4,9,Black,10.6603,,2.9501,72.32629476,7.7102,,
8/17/23,,8/20/23,16:00,10,Control,,2,4,10,Black,13.3635,,10.9526,18.04093239,2.4109,,
8/17/23,,8/20/23,16:00,10,Control,,2,4,11,Black,16.3874,,14.5016,11.50762171,1.8858,,
8/17/23,,8/20/23,16:00,10,Control,,2,4,12,Black,20.7232,,8.6319,58.34668391,12.0913,,